08:00;Route;R00;
08:00;Customer;C00;
08:02;Route;R07;
08:06;Customer;C020;
08:18;Customer;C021;
08:25;Customer;C012;
08:35;Route;R06;
08:35;Customer;C013;
08:40;Customer;C023;
08:41;Customer;C001;
08:46;Customer;C015;
09:00;Customer;C024;
09:04;Customer;C006;
09:11;Customer;C011;
09:19;Customer;C017;
09:20;Route;R04;
09:21;Route;R02;
09:29;Customer;C025;
09:34;Customer;C005;
09:40;Customer;C010;
09:56;Route;R09;
09:59;Customer;C002;
10:01;Customer;C004;
10:06;Customer;C014;
10:31;Route;R03;
10:36;Route;R08;
11:09;Customer;C007;
11:31;Customer;C009;
11:44;Customer;C018;
12:18;Customer;C008;
12:29;Customer;C022;
12:30;Customer;C016;
12:32;Customer;C003;
12:47;Customer;C019;
14:01;Route;R05;
16:00;Route;R99;
16:00;Customer;C999;
16:00;Route;R98;
16:00;Customer;C998;
16:00;Route;R97;
16:00;Customer;C997;
16:00;Route;R96;
16:00;Customer;C996;
16:00;Route;R95;
16:00;Customer;C995;
