PROD_xgrhkei;False;False;False;
PROD_tlagplsa;False;False;False;
PROD_ouktqh;False;False;False;
PROD_dwplnl;False;False;False;
PROD_kjtnh;False;False;False;
PROD_rfmeacum;False;False;False;
PROD_qpfydewq;True;False;True;
PROD_hndmoar;False;False;False;
PROD_ozjcv;False;False;False;
PROD_whozndli;False;False;False;
PROD_ajdzqomu;False;False;False;
PROD_rokkt;False;False;False;
PROD_ptpa;False;False;False;
PROD_zhbeipp;False;False;False;
PROD_gzubn;True;False;False;
PROD_pwszwf;False;True;False;
PROD_imth;False;False;False;
PROD_engqkqd;False;False;False;
PROD_otgl;False;False;False;
PROD_kbubk;False;False;False;
PROD_mfndxz;False;False;False;
PROD_vxpgsfgv;False;False;False;
PROD_hauhzlnc;False;False;False;
PROD_hdqhd;False;False;False;
PROD_bitk;False;False;False;
PROD_onjov;False;False;True;
PROD_tifxqafz;True;False;True;
PROD_bntw;False;False;False;
PROD_fxxkspfn;False;False;False;
PROD_pusns;True;False;False;
PROD_lkurv;False;False;False;
PROD_qmnlq;False;False;False;
PROD_qpcgqtzl;False;False;False;
PROD_ragz;False;False;False;
PROD_hpjwhgn;False;False;True;
PROD_huhjdt;False;False;False;
PROD_ymooph;False;False;False;
PROD_whjhv;False;False;False;
PROD_eote;False;False;False;
PROD_cmljw;False;False;False;
PROD_seomv;False;False;False;
PROD_olvdbkq;False;False;True;
PROD_mmjay;False;False;False;
PROD_vwgwblk;False;False;False;
PROD_twlfal;False;False;False;
PROD_igmoaklz;False;False;False;
PROD_gimxhw;False;False;False;
PROD_cizgzreh;False;False;True;
PROD_tootlnq;False;False;False;
PROD_tygwlkf;False;False;False;
PROD_omxjlt;False;False;False;
PROD_yobivqp;False;False;False;
PROD_geqm;False;False;False;
PROD_uuqec;False;False;False;
PROD_oykd;False;False;False;
PROD_mtnhq;False;False;False;
PROD_rdiyibkj;False;False;False;
PROD_tubxlox;False;False;False;
PROD_ewumjc;False;False;False;
PROD_hksqkmi;False;False;False;
PROD_sawnp;False;False;False;
PROD_eqpxrod;False;False;False;
PROD_vljlhzyt;False;False;False;
PROD_rkrd;False;False;False;
PROD_eoguqcl;False;False;False;
PROD_hhbcdrq;False;False;False;
PROD_tiwpmrm;False;False;False;
PROD_bcpogq;False;False;False;
PROD_dgtgem;False;False;False;
PROD_saaj;False;False;False;
PROD_whhbs;False;False;True;
PROD_gkinj;False;False;False;
PROD_amfvl;False;False;False;
PROD_ipmdytm;False;False;False;
PROD_rheagl;False;False;False;
PROD_cbxkx;False;False;False;
PROD_alzdq;False;False;False;
PROD_tmgjon;False;False;False;
PROD_opadf;True;False;False;
PROD_vbal;False;False;False;
PROD_ysdxyvx;False;False;False;
PROD_kymvj;False;False;False;
PROD_kzjcp;False;False;False;
PROD_hxjhnp;False;False;False;
PROD_mwvc;False;False;False;
PROD_hyyljlrq;False;False;False;
PROD_spgszsp;False;False;False;
PROD_hepliqo;False;False;False;
PROD_gompht;False;False;False;
PROD_likp;False;False;False;
PROD_gctgtr;False;False;False;
PROD_ialmpy;False;False;False;
PROD_fvdhk;False;False;False;
PROD_vxvkb;False;False;False;
PROD_fuehabby;False;False;False;
PROD_naptiewn;False;False;False;
PROD_aqlh;False;False;False;
PROD_uqsyrj;False;False;False;
PROD_aecae;False;False;False;
PROD_wwnhjwp;False;False;False;
PROD_pnaqynj;False;False;False;
PROD_jtyivtzw;False;False;True;
PROD_hkciurzr;False;False;False;
PROD_ailesipz;False;False;False;
PROD_gcaknw;False;False;False;
PROD_myvotzwo;False;False;False;
PROD_lqgzbm;False;False;False;
PROD_qvde;False;False;False;
PROD_zygli;False;False;False;
PROD_jlgnzosa;False;False;False;
PROD_fiaskuo;False;False;False;
PROD_zykpc;False;False;False;
PROD_ivrqsxyv;False;False;False;
PROD_vgsnnxl;False;False;False;
PROD_joemk;False;False;False;
PROD_elshq;False;False;False;
PROD_ihki;False;False;True;
PROD_aouavho;False;False;False;
PROD_qbaguvs;False;True;False;
PROD_iaza;False;False;False;
PROD_fpeigew;False;False;False;
PROD_pmct;False;False;False;
PROD_czhifvd;False;False;False;
PROD_qgmu;False;False;False;
PROD_ewqypbtn;False;False;False;
PROD_ntkoczz;False;False;False;
PROD_nzqbuhgj;False;False;False;
PROD_wxlgn;True;False;False;
PROD_llibnj;True;False;False;
PROD_sctp;False;False;False;
PROD_ixrksyh;False;False;False;
PROD_kdpath;False;False;False;
PROD_ilngnah;False;False;False;
PROD_cavrp;False;False;False;
PROD_vyshxps;False;False;False;
PROD_togktpo;False;False;False;
PROD_pptjbyyu;False;False;False;
PROD_cruhu;False;False;False;
PROD_aqnuyj;False;False;False;
PROD_mqoc;False;False;False;
PROD_bctsg;False;False;False;
PROD_mfuw;False;False;False;
PROD_pfiyic;False;False;False;
PROD_yyuoooab;False;True;False;
PROD_wodrvat;False;False;False;
PROD_skrjo;False;False;False;
PROD_zboino;False;False;False;
PROD_ydimpcg;True;False;False;
PROD_zudoqy;True;False;False;
PROD_dkuoec;False;False;False;
PROD_fippat;False;False;False;
PROD_aydcziip;False;False;False;
PROD_ugpcu;False;False;False;
PROD_dwrb;False;False;False;
PROD_eaecw;True;False;False;
PROD_zvdp;False;False;False;
PROD_ygmtlz;False;False;False;
PROD_nyeufu;False;False;False;
PROD_zkggn;True;False;False;
PROD_usxjvns;False;False;False;
PROD_ihjxba;False;False;False;
PROD_vbpjwnan;False;False;False;
PROD_muwynsxn;False;False;False;
PROD_bdnfu;False;False;False;
PROD_pgdwg;False;False;False;
PROD_giusd;False;False;False;
PROD_vuphfp;False;False;False;
PROD_hjadjwwg;False;False;False;
PROD_nhphngr;False;False;False;
PROD_owszktv;False;False;False;
PROD_lbmlv;False;False;False;
PROD_fsvj;False;False;False;
PROD_myurhqwt;False;False;False;
PROD_odqgsj;False;False;False;
PROD_slic;False;False;False;
PROD_waplkimr;False;False;False;
PROD_xnosfo;False;False;False;
PROD_gfeqbdhe;False;False;False;
PROD_felz;False;False;False;
PROD_nueyqgkg;False;False;False;
PROD_cysg;False;False;False;
PROD_kuak;False;False;False;
PROD_owmitao;False;False;False;
PROD_cmyavkk;False;False;False;
PROD_bkxyejo;False;False;False;
PROD_spzjonc;False;False;False;
PROD_lgtkyje;False;False;False;
PROD_pxdpnow;False;False;False;
PROD_adox;False;False;False;
PROD_cnhqm;False;False;False;
PROD_xcdxtkd;False;False;False;
PROD_wrktqf;False;False;False;
PROD_vxwk;False;False;False;
PROD_hpdhmq;False;False;False;
PROD_eigfdibq;False;False;False;
PROD_yqwuq;False;False;False;
PROD_nwdjx;False;False;False;
PROD_jqsyxhdb;False;False;False;
PROD_qynusq;False;False;False;
PROD_yvnbbiv;False;False;False;
PROD_gjlyzfa;False;False;False;
PROD_tnaxogau;False;False;False;
PROD_qprhc;False;False;False;
PROD_kbjnza;False;False;False;
PROD_pgihwgo;False;False;False;
PROD_hxqdnu;False;False;False;
PROD_gyobm;False;False;False;
PROD_lzetdjf;False;False;False;
PROD_ntyao;False;False;False;
PROD_glynoe;False;False;False;
PROD_bjtb;False;False;False;
PROD_rziszg;False;True;False;
PROD_cbhm;False;False;False;
PROD_ckcj;False;False;False;
PROD_zbqqypti;False;False;False;
PROD_knjnja;False;False;False;
PROD_nuvopkax;False;False;False;
PROD_rbwct;False;False;False;
PROD_ukip;False;False;False;
PROD_eupxum;False;False;False;
PROD_ysftgc;False;False;False;
PROD_ditjj;False;False;False;
PROD_gkkrp;False;False;False;
PROD_vxrf;False;False;False;
PROD_vxggb;False;False;False;
PROD_vbexmylv;False;False;False;
PROD_vmgrcj;False;False;False;
PROD_acrcp;False;False;False;
PROD_afid;False;False;False;
PROD_zcwsh;False;False;False;
PROD_asfg;False;False;False;
PROD_zimois;False;False;False;
PROD_ssmertln;True;False;False;
PROD_mwaanm;False;False;False;
PROD_ulynw;False;False;False;
PROD_gtxnfrb;True;False;False;
PROD_uptmxu;True;False;False;
PROD_thiojkzw;False;False;False;
PROD_ilrlr;False;False;False;
PROD_msvhkk;True;False;True;
PROD_sqobkjye;False;False;False;
PROD_dximds;False;False;False;
PROD_fbnm;False;False;False;
PROD_cduo;False;False;False;
PROD_cggjnuz;False;False;False;
PROD_mtol;False;False;False;
PROD_mtzg;False;False;False;
PROD_vohai;False;False;False;
PROD_mlniidst;False;False;False;
PROD_awlszptu;False;False;False;
PROD_bplwscfc;False;False;False;
PROD_skke;False;False;False;
PROD_vplwzywj;False;False;False;
PROD_wkbnbw;False;False;False;
PROD_yddqq;False;False;False;
PROD_fpjiwsk;False;False;False;
PROD_atuiq;False;False;False;
PROD_zvgtv;False;False;False;
PROD_yahut;True;False;False;
PROD_stnv;False;False;False;
PROD_zchcwvti;True;False;False;
PROD_gwjtf;False;False;False;
PROD_xcbxxgvs;False;False;False;
PROD_vhoj;False;False;False;
PROD_hxws;False;False;False;
PROD_lbgx;False;False;False;
PROD_cqztbh;False;False;False;
PROD_udlq;False;False;False;
PROD_hufe;False;False;False;
PROD_pljzbvd;False;False;False;
PROD_pwmbk;False;False;False;
PROD_xifpmihq;False;False;False;
PROD_psaak;False;False;False;
PROD_pwjv;False;False;False;
PROD_kvtviapx;False;False;False;
PROD_ivdsedbz;False;False;False;
PROD_rdmjm;False;False;False;
PROD_sicdxr;False;False;False;
PROD_spizk;False;False;False;
PROD_vqeig;False;False;False;
PROD_ttpu;False;False;False;
PROD_mlzsok;False;False;False;
PROD_nkighfa;False;False;False;
PROD_nsykdlw;False;False;False;
PROD_crrng;False;False;False;
PROD_sxqsjpm;False;False;False;
PROD_asvndgcq;False;False;False;
PROD_whvfkff;False;False;False;
PROD_nrvaeo;False;False;False;
PROD_pwic;False;False;False;
PROD_fqkbyix;False;False;False;
PROD_khtut;False;False;False;
PROD_rosxak;False;False;False;
PROD_enkp;False;False;False;
PROD_otugk;False;False;True;
PROD_gjzss;False;False;False;
PROD_guxi;False;False;False;
PROD_rgvegzi;False;False;False;
PROD_mljjhrxn;False;False;False;
PROD_brhz;False;False;False;
PROD_jlnkonaq;False;False;True;
PROD_bhpiyvz;False;False;False;
PROD_rnidpg;False;False;False;
PROD_kltaq;True;False;False;
PROD_zxsxu;False;False;False;
PROD_tdzcekak;False;False;False;
PROD_jbth;False;False;False;
PROD_nhmo;False;False;False;
PROD_eyiuxhy;False;False;False;
PROD_yokumyu;False;False;False;
PROD_zaedt;False;False;False;
PROD_cstg;False;False;False;
PROD_shoyfn;False;False;False;
PROD_inshpfqq;False;False;False;
PROD_vkoqu;False;False;False;
PROD_axpdz;False;False;False;
PROD_cbexvgk;False;False;False;
PROD_mdwihaa;False;False;False;
PROD_andcgtu;False;False;False;
PROD_rcqvklbz;False;False;False;
PROD_fmgunxmo;False;False;False;
PROD_luvpzmit;False;False;False;
PROD_jrywd;False;False;True;
PROD_ultpmswm;False;False;False;
PROD_axtkxky;False;False;False;
PROD_haco;False;False;False;
PROD_cjxyfmk;False;False;False;
PROD_jpjcfd;False;False;False;
PROD_njmkllhh;False;False;False;
PROD_kkjm;False;False;False;
PROD_yrpshiw;False;False;False;
PROD_uzzfnved;False;True;False;
PROD_ihrnzys;False;False;False;
PROD_vlyagaol;False;False;False;
PROD_shngv;False;False;False;
PROD_gkhbzlg;False;False;False;
PROD_fzbstl;False;False;False;
PROD_gunbtvn;False;False;False;
PROD_wjyuudrs;False;False;False;
PROD_ytpd;True;False;False;
PROD_rojorcmz;False;False;False;
PROD_lonqxzk;False;False;False;
PROD_wvthdrm;False;False;False;
PROD_zudgb;False;False;False;
PROD_yrbt;False;True;False;
PROD_sbzqszqm;False;False;False;
PROD_bzgakiiz;False;False;False;
PROD_mttwtkzx;False;False;False;
PROD_nnibnab;False;False;False;
PROD_nelld;False;True;False;
PROD_kidjv;False;False;False;
PROD_dbbmzoh;False;False;False;
PROD_rmcwfk;False;False;False;
PROD_hjbvqht;False;False;False;
PROD_uubgc;False;False;False;
PROD_hqnobwwe;False;False;False;
PROD_afltjv;False;False;False;
PROD_afywzl;False;False;False;
PROD_pksqzq;False;False;False;
PROD_atgxjkrg;False;False;True;
PROD_kjagan;False;False;False;
PROD_rgnp;False;False;False;
PROD_pxroo;False;False;False;
PROD_voayz;False;False;False;
PROD_owplelyx;False;False;False;
PROD_cngbq;False;False;False;
PROD_czrumkjp;False;False;False;
PROD_hjnjdbq;False;False;False;
PROD_rmuhmr;False;True;False;
PROD_huqazxn;False;False;False;
PROD_advaxyi;False;False;False;
PROD_itadmdfl;False;False;False;
PROD_tzljubyf;True;False;False;
PROD_qycw;False;False;False;
PROD_vweyq;False;False;False;
PROD_sqku;False;False;False;
PROD_uobscaq;False;False;False;
PROD_kgypvwq;False;False;False;
PROD_piein;False;False;False;
PROD_zlnryrdd;False;False;False;
PROD_lrmflkf;True;False;False;
PROD_zmqjtq;False;False;False;
PROD_omdnnrd;False;False;False;
PROD_olevmfn;False;False;False;
PROD_toufkq;False;False;False;
PROD_pmwtaduz;False;False;False;
PROD_wryy;False;False;False;
PROD_nscbbfc;False;False;False;
PROD_rbswheq;False;False;False;
PROD_wjefvl;False;False;False;
PROD_csvi;False;False;False;
PROD_bgafyk;False;False;False;
PROD_beoypor;False;False;False;
PROD_txwfynji;False;False;False;
PROD_ftfpzl;False;False;False;
PROD_qydm;False;True;False;
PROD_xwmrqxxd;False;False;False;
PROD_qbddgbvh;False;False;False;
PROD_evpdwol;False;False;False;
PROD_ymxoa;False;False;False;
PROD_dwavfq;False;False;False;
PROD_dkgb;False;False;False;
PROD_naxzui;False;False;False;
PROD_huwbuz;False;False;False;
PROD_uvltcadn;False;False;False;
PROD_xoqd;False;False;False;
PROD_uqnbbiu;False;False;False;
PROD_vyuldaok;False;False;False;
PROD_cerqcacg;False;False;False;
PROD_mzedbbf;False;False;False;
PROD_okfxbx;False;False;False;
PROD_hsrby;False;False;False;
PROD_srpkh;False;False;False;
PROD_ovhmhaex;False;False;False;
PROD_akdyi;False;False;False;
PROD_rpites;False;False;False;
PROD_nrousgup;False;False;False;
PROD_jswixial;False;False;False;
PROD_liksy;False;False;False;
PROD_wmabfgbp;False;False;False;
PROD_xiqogsr;False;False;False;
PROD_jxdi;False;False;False;
PROD_fyqivxkm;False;False;False;
PROD_mtyg;False;False;False;
PROD_zcpxo;False;False;False;
PROD_vgoq;False;False;False;
PROD_ytxxyegd;False;False;False;
PROD_djaoiv;False;False;False;
PROD_uctha;False;False;False;
PROD_filj;False;False;False;
PROD_bycv;False;False;False;
PROD_wrphyec;False;False;False;
PROD_glzondxj;False;False;False;
PROD_bsqgcw;False;False;False;
PROD_zoarjbl;False;False;False;
PROD_wkgpbmvm;False;False;False;
PROD_lezp;False;False;False;
PROD_vmtgojvt;False;False;False;
PROD_xlgfmirg;False;False;False;
PROD_jypnyob;False;False;False;
PROD_ptallh;False;False;False;
PROD_qtau;False;False;False;
PROD_oeapgb;False;False;False;
PROD_rtdug;False;False;False;
PROD_rxxixlc;False;False;False;
PROD_agrjyqj;False;False;False;
PROD_mbzvvtv;False;False;False;
PROD_wkgroow;False;False;False;
PROD_xadppc;False;False;False;
PROD_zddiqid;False;False;False;
PROD_ctwdi;False;False;False;
PROD_zgzz;False;False;False;
PROD_ayjoxafe;False;False;False;
PROD_mluwhuk;False;False;False;
PROD_hxqw;False;False;False;
PROD_wzzxxkj;False;False;False;
PROD_bmny;False;False;False;
PROD_jultfon;False;False;False;
PROD_xncr;False;False;False;
PROD_itjxgtva;False;False;False;
PROD_phcyalz;False;False;False;
PROD_ancwwu;False;False;False;
PROD_xvqzbkae;False;False;False;
PROD_hzbv;False;False;False;
PROD_ysfbqh;False;False;False;
PROD_rurrl;False;False;False;
PROD_tpqsrv;False;False;False;
PROD_pjwo;False;False;False;
PROD_otvw;False;True;False;
PROD_njtlgc;False;False;False;
PROD_iydrgi;False;False;False;
PROD_fgyd;False;False;False;
PROD_utxmsyu;False;False;False;
PROD_gcbw;False;False;False;
PROD_ktrrjzuv;False;False;False;
PROD_rnozfu;True;False;True;
PROD_wrhxx;False;False;False;
PROD_mrpnx;False;False;False;
PROD_telmwjt;False;False;False;
PROD_xahzbucf;False;False;False;
PROD_rqcfovtm;False;False;False;
PROD_ewiouapo;False;False;False;
PROD_uykkqdi;False;False;False;
PROD_trmtxfz;False;False;False;
PROD_wylsj;False;False;False;
PROD_jkbhnta;False;False;False;
PROD_exsky;False;False;False;
PROD_cood;True;False;False;
PROD_oqwid;False;False;False;
PROD_bjno;False;False;False;
PROD_tjas;False;False;False;
PROD_bvvcbns;True;False;True;
PROD_ucnsukv;False;False;False;
PROD_nyhplq;False;False;False;
PROD_ohcni;False;False;False;
PROD_cdjpconf;False;False;False;
PROD_uthxpg;False;False;False;
PROD_souzgsqs;False;False;False;
PROD_svlby;True;False;False;
PROD_wdpvhy;False;False;False;
PROD_rkpohdm;False;False;False;
PROD_cdxxxgn;False;False;False;
PROD_atsq;False;False;False;
PROD_bayvegaq;False;False;False;
PROD_oldurl;False;False;False;
PROD_lodtopmg;False;False;False;
PROD_ilxqfwaq;False;False;False;
PROD_vedcai;False;False;False;
PROD_fiesxpkx;False;False;False;
PROD_fxwsudsu;False;False;False;
PROD_yoenxh;False;False;False;
PROD_kiiut;False;False;False;
PROD_isrlwu;False;False;False;
PROD_pyhkyu;False;False;False;
PROD_dnfgrvr;False;False;False;
PROD_fvica;False;False;False;
PROD_mikithu;False;False;True;
PROD_jyxhy;True;False;False;
PROD_evljdnr;False;False;False;
PROD_bpqc;False;False;False;
PROD_pnvsqwik;False;False;False;
PROD_vhguqgwz;False;False;False;
PROD_jfyhzbkr;False;False;False;
PROD_sgpibimn;False;False;False;
PROD_imfjme;False;False;False;
PROD_oqgbmfc;False;False;False;
PROD_xjeiwlr;False;False;False;
PROD_bjfym;False;False;False;
PROD_kgusjlm;False;False;False;
PROD_noua;False;False;False;
PROD_drbfaocp;False;False;False;
PROD_zpapyac;False;False;False;
PROD_wgbkwmf;False;False;False;
PROD_dilpxru;False;False;False;
PROD_tabupj;False;False;False;
PROD_ugoty;False;False;False;
PROD_khejcpp;False;False;False;
PROD_dykec;False;True;False;
PROD_ucfx;False;False;False;
PROD_fgmeu;False;False;False;
PROD_ehgyxwif;False;False;False;
PROD_ssykb;False;False;False;
PROD_zkmm;False;False;False;
PROD_dvhvgit;False;False;False;
PROD_hzphp;False;False;False;
PROD_sakisxo;False;False;False;
PROD_tjurq;False;False;False;
PROD_kgazyrst;False;False;False;
PROD_uovlqlr;False;False;False;
PROD_mpmetw;False;False;False;
PROD_fyal;False;False;False;
PROD_dxbrigd;False;False;False;
PROD_iinbuy;False;False;False;
PROD_rnnxwhfu;False;False;False;
PROD_nxcxf;False;False;False;
PROD_fzeys;False;False;False;
PROD_gvbxop;False;False;False;
PROD_uvet;True;False;False;
PROD_gnllwk;False;False;False;
PROD_stceyi;False;False;False;
PROD_csvcztp;False;False;False;
PROD_eomfpsp;False;False;False;
PROD_cfon;False;False;False;
PROD_tznglwaw;False;False;False;
PROD_hpzmglg;False;False;False;
PROD_fyhmjyp;False;False;False;
PROD_gach;False;False;False;
PROD_gpqjfg;False;False;False;
PROD_slvjwmt;False;False;False;
PROD_frnugg;True;False;False;
PROD_pgsda;False;False;False;
PROD_hobjh;False;False;False;
PROD_vphxf;False;False;False;
PROD_krhaereg;False;False;False;
PROD_tnvs;False;False;False;
PROD_mpjdddcg;False;False;False;
PROD_dwogod;False;False;True;
PROD_geeucwjt;False;False;False;
PROD_aqhmzf;False;False;False;
PROD_jmsds;False;False;False;
PROD_gxkifccn;False;False;False;
PROD_cvrp;False;False;False;
PROD_qvwqjni;False;False;False;
PROD_gfhst;False;False;False;
PROD_pquba;False;False;False;
PROD_szezy;False;False;False;
PROD_emts;False;False;False;
PROD_rytihne;False;False;False;
PROD_hbifkois;False;False;False;
PROD_hbdg;False;False;False;
PROD_xlehdvsm;False;False;False;
PROD_vpdgl;False;False;False;
PROD_gljb;False;False;False;
PROD_xsxjtafi;False;False;False;
PROD_uyemknh;False;True;False;
PROD_raxbnt;False;False;False;
PROD_rpdkeheh;False;False;False;
PROD_fdovddo;False;False;False;
PROD_decolg;False;False;False;
PROD_nsnbxcjn;False;False;False;
PROD_xgudbc;False;False;False;
PROD_adnqcbka;False;False;False;
PROD_elfhsg;False;False;False;
PROD_jkany;False;False;False;
PROD_wehssr;False;False;False;
PROD_pnkgatb;False;False;False;
PROD_paqrq;False;False;False;
PROD_bbonj;False;False;False;
PROD_mzqkekz;False;False;False;
PROD_zezetsw;False;False;False;
PROD_zruxey;False;False;False;
PROD_pptj;False;False;False;
PROD_qnzssaup;False;False;False;
PROD_dpnqfpm;False;False;False;
PROD_invun;False;False;False;
PROD_lshzvy;False;False;True;
PROD_bccckrvn;False;True;False;
PROD_pcrmrs;False;False;False;
PROD_isgmyoqp;False;False;False;
PROD_anciafy;False;False;False;
PROD_sgzs;False;False;False;
PROD_ifzlemwx;False;False;False;
PROD_wrrp;False;False;False;
PROD_szvlh;False;False;False;
PROD_cqomnx;False;False;False;
PROD_irzizuy;False;False;False;
PROD_qljoxf;False;False;False;
PROD_smsaz;False;False;False;
PROD_idmvttjh;False;False;False;
PROD_takew;False;False;False;
PROD_ucjx;False;False;False;
PROD_cgpxe;False;False;False;
PROD_oksmn;False;False;False;
PROD_zsiwep;False;False;False;
PROD_jqwdscbu;False;False;False;
PROD_udxuz;False;False;False;
PROD_lviq;False;False;False;
PROD_pnak;False;False;False;
PROD_oigna;False;False;False;
PROD_eyyqrqk;False;False;False;
PROD_slslxoz;False;False;False;
PROD_nnvxsx;False;False;False;
PROD_ubeufcno;False;False;False;
PROD_fbliala;False;False;False;
PROD_iedcryq;False;False;False;
PROD_nmprtaaq;False;False;False;
PROD_dtrmznj;False;False;False;
PROD_ozxjpo;False;False;False;
PROD_mcyogzdt;False;False;False;
PROD_lwqw;False;False;False;
PROD_cpcsegwr;False;False;False;
PROD_ijkz;False;False;False;
PROD_slxxsty;False;False;False;
PROD_rldv;False;False;False;
PROD_kuasma;False;False;False;
PROD_tiize;False;False;False;
PROD_ozrf;False;False;False;
PROD_uwurhgz;False;False;False;
PROD_wyjo;False;False;False;
PROD_asbqxcy;False;False;False;
PROD_xdeakkpw;False;False;False;
PROD_jjej;False;False;False;
PROD_bqhjggqm;False;False;False;
PROD_fbyzl;False;False;False;
PROD_puisqtl;False;False;False;
PROD_wqsqev;False;False;False;
PROD_pjws;False;False;False;
PROD_mhui;False;True;False;
PROD_oqgloeo;False;False;False;
PROD_gxcjjf;False;False;False;
PROD_uwdnquae;True;False;False;
PROD_sfyvfd;False;False;False;
PROD_dkpubl;False;False;False;
PROD_aevumvib;False;False;False;
PROD_tudhe;False;False;False;
PROD_qpmcqcs;False;False;False;
PROD_tqgvf;False;False;False;
PROD_ubkkrbiw;False;False;False;
PROD_ikywqcm;False;False;False;
PROD_liyewgd;False;False;False;
PROD_mmnpvgns;False;False;False;
PROD_tgnk;False;False;False;
PROD_ryymxefw;False;False;False;
PROD_amlk;True;False;False;
PROD_miyxajl;False;False;False;
PROD_roya;False;False;False;
PROD_lvlhfl;False;False;False;
PROD_jzftcua;False;False;False;
PROD_vwfjhkqy;False;False;False;
PROD_oicciza;False;False;False;
PROD_ttacjqt;True;False;True;
PROD_qqaup;False;False;False;
PROD_czfouy;False;False;False;
PROD_xdmxfbvd;False;False;False;
PROD_dbinhrn;False;False;False;
PROD_dtpf;False;False;False;
PROD_epjsgk;True;False;False;
PROD_jrcajkd;False;False;False;
PROD_qytmvzzm;False;False;True;
PROD_itgrusj;False;False;False;
PROD_shxibbp;False;False;False;
PROD_eupbdxsh;False;False;False;
PROD_gpwdx;False;False;False;
PROD_wytrjwc;False;False;False;
PROD_mwhjltan;False;False;False;
PROD_vgpm;False;False;False;
PROD_rnmxg;True;False;False;
PROD_ukeedqmc;False;False;False;
PROD_tptrsfv;False;False;False;
PROD_btmtjmk;False;False;False;
PROD_iqvekx;False;False;False;
PROD_mxwmkj;False;False;False;
PROD_osqcfr;False;False;False;
PROD_zdiucqao;False;False;False;
PROD_shzsqqa;False;False;False;
PROD_nxyqvn;False;False;False;
PROD_brhnjwzj;False;False;False;
PROD_pyymelfy;False;False;False;
PROD_jmpbju;False;False;False;
PROD_kijgbu;False;False;False;
PROD_nyaf;False;False;False;
PROD_xghn;False;False;False;
PROD_mbuj;False;False;False;
PROD_vvkanxob;False;False;False;
PROD_lagfclr;False;False;False;
PROD_mmigs;False;False;False;
PROD_tseomas;False;False;False;
PROD_mgusmz;False;False;False;
PROD_zulhylo;False;False;False;
PROD_nuxkc;False;False;False;
PROD_zgtoqgib;False;False;False;
PROD_yqifinvw;True;False;False;
PROD_sitypmq;False;False;False;
PROD_nzpiztg;False;False;False;
PROD_yskxc;False;False;False;
PROD_rzoe;False;False;False;
PROD_bqwb;False;False;False;
PROD_tdqxj;True;False;False;
PROD_ojwyqrg;False;False;False;
PROD_uvnj;False;False;False;
PROD_vgbo;False;False;False;
PROD_xifwwo;False;True;False;
PROD_smrr;False;False;False;
PROD_vnabbxp;True;False;True;
PROD_ilghwh;False;False;False;
PROD_ufjzqux;False;False;False;
PROD_evbep;False;False;False;
PROD_tyisi;False;False;False;
PROD_fbhgbt;False;False;False;
PROD_kzdnwx;False;False;False;
PROD_jozll;False;False;False;
PROD_jnsh;False;False;False;
PROD_btmqjghb;False;False;False;
PROD_zfgqqun;False;False;False;
PROD_pokv;False;False;False;
PROD_kfgo;False;False;False;
PROD_kmpvb;False;False;False;
PROD_pcpavn;False;False;False;
PROD_tyqto;False;False;False;
PROD_ofdarq;False;False;False;
PROD_qjtqcstd;False;False;False;
PROD_hftuaxeq;False;False;False;
PROD_wezaes;False;False;False;
PROD_ejhvhp;False;False;False;
PROD_omvtl;False;False;False;
PROD_tyej;False;False;False;
PROD_jgyuhoz;False;False;False;
PROD_pcojyy;False;False;False;
PROD_fvggnxfc;False;False;False;
PROD_mrqsgk;False;False;False;
PROD_ksxfi;False;False;False;
PROD_enae;False;False;False;
PROD_dsvlg;False;False;False;
PROD_umhvhud;False;False;False;
PROD_mutyswxi;False;False;False;
PROD_jerykgw;False;False;False;
PROD_bhtxx;False;False;False;
PROD_dtglxcl;False;False;False;
PROD_cclveic;False;False;False;
PROD_fpdul;False;False;False;
PROD_lsoxn;False;False;False;
PROD_acjz;False;False;False;
PROD_qlpqp;False;False;False;
PROD_rbhfopel;False;False;False;
PROD_rxbf;False;False;False;
PROD_aemlihkj;False;False;False;
PROD_gvtvu;False;False;False;
PROD_wbac;False;False;False;
PROD_njmpr;False;False;False;
PROD_mngo;False;False;False;
PROD_prlep;False;False;False;
PROD_dpzfl;False;False;False;
PROD_fxkw;False;False;False;
PROD_oibad;False;False;False;
PROD_qrnyy;False;False;False;
PROD_bgxpmg;False;False;False;
PROD_xpqbss;False;False;False;
PROD_tlnpbjvm;False;False;False;
PROD_aranjhmj;False;False;False;
PROD_wmlliyie;False;False;False;
PROD_gasocfvo;False;False;False;
PROD_vpciy;False;False;False;
PROD_kahoz;False;False;False;
PROD_fzrvths;False;False;False;
PROD_wmkw;False;False;False;
PROD_qxatfmkj;False;False;False;
PROD_tlrkggi;False;False;False;
PROD_eyvjg;False;False;False;
PROD_zebh;False;False;False;
PROD_zeumsv;False;False;False;
PROD_gdjmmbs;True;False;False;
PROD_hssszmmb;False;False;False;
PROD_zvbnf;False;False;False;
PROD_gtfxu;False;False;False;
PROD_hdvpe;False;False;False;
PROD_tlclwru;False;False;False;
PROD_denqm;False;False;False;
PROD_rxwvutc;False;False;False;
PROD_cuedcf;False;False;False;
PROD_hjoz;False;False;False;
PROD_kdttvspp;False;False;False;
PROD_jecz;False;False;False;
PROD_sycdfgwm;False;False;False;
PROD_gtoajl;False;False;False;
PROD_niqh;False;False;False;
PROD_tjgwnha;False;False;False;
PROD_wjbe;False;False;False;
PROD_sppvdye;False;False;False;
PROD_jlpw;False;False;False;
PROD_ebgus;False;False;False;
PROD_ebxutr;False;False;False;
PROD_czuhaegx;False;False;False;
PROD_uwiqeik;False;False;False;
PROD_ruzejal;False;False;False;
PROD_kalgtbx;False;False;False;
PROD_falsb;False;False;False;
PROD_tzjdzdc;False;False;False;
PROD_jgcvj;False;False;False;
PROD_phwjyvg;False;False;False;
PROD_arrmqytz;False;False;False;
PROD_hzqdn;False;False;False;
PROD_zipjpjnn;False;False;False;
PROD_ytsuop;False;False;False;
PROD_dpkihyxx;False;False;False;
PROD_uqncxrhg;False;False;False;
PROD_ajcl;False;False;False;
PROD_yjojd;False;False;False;
PROD_rpqnnod;False;False;False;
PROD_ruggms;False;False;False;
PROD_tajagvvq;False;False;False;
PROD_bxdcn;False;False;False;
PROD_uwxgf;False;False;False;
PROD_volhtz;False;False;False;
PROD_tillgha;False;False;False;
PROD_xwbaqvve;False;False;False;
PROD_hgahnd;False;False;False;
PROD_rdvwp;False;False;False;
PROD_bujrcejm;False;False;False;
PROD_dhkiuta;False;False;False;
PROD_whpepj;False;False;False;
PROD_fuwpfn;False;False;False;
PROD_thxiz;False;False;False;
PROD_pwqn;False;False;False;
PROD_akid;False;False;False;
PROD_hnrtaqbg;True;False;False;
PROD_iewafflw;True;False;False;
PROD_hfgeyhi;False;False;False;
PROD_thjnt;False;False;False;
PROD_tsshi;False;False;False;
PROD_qpav;True;False;True;
PROD_cunm;False;False;False;
PROD_prktimlx;False;False;False;
PROD_rumipq;True;False;False;
PROD_lecys;False;False;False;
PROD_ahqsrj;False;False;False;
PROD_whgyarfh;False;False;False;
PROD_xtjal;False;False;False;
PROD_flextpys;False;False;False;
PROD_eagquqx;False;False;False;
PROD_ihvkirh;False;False;False;
PROD_xfjmuh;False;False;False;
PROD_iuczg;False;False;False;
PROD_ywopncj;False;False;False;
PROD_hdppop;False;False;False;
PROD_hbkcneui;False;False;False;
PROD_lsjiz;False;False;False;
PROD_yrrtflcs;False;False;False;
PROD_nfclsj;False;False;False;
PROD_wkabmcea;False;False;False;
PROD_ceiqvbmd;False;False;False;
PROD_avfrv;False;False;False;
PROD_xjliys;False;False;False;
PROD_waqbxv;False;False;False;
PROD_tyawimo;False;False;False;
PROD_vdgj;False;False;False;
PROD_gvhlzi;False;False;False;
PROD_ldmg;False;False;False;
PROD_xoilnyyo;False;False;False;
PROD_ihjjebws;False;False;False;
PROD_hggfg;False;False;False;
PROD_xfrdlfdc;False;False;False;
PROD_uuds;True;False;False;
PROD_rwvxsnr;False;False;False;
PROD_dnux;False;False;False;
PROD_oxwj;False;False;False;
PROD_hquxli;False;False;False;
PROD_tbhm;False;False;False;
PROD_fgmdfll;False;False;False;
PROD_xgfdln;False;False;False;
PROD_lrqhb;False;False;False;
PROD_yier;False;False;False;
PROD_srrjyxvm;False;False;False;
PROD_hwszfjh;False;False;False;
PROD_cabpimjf;False;False;False;
PROD_rpialrt;False;False;False;
PROD_oojyup;False;False;False;
PROD_qpfkryng;False;False;False;
PROD_izobth;False;False;False;
PROD_lpcoxs;False;False;False;
PROD_jjjmpexi;False;False;False;
PROD_izvss;False;False;False;
PROD_vzfmfr;False;False;False;
PROD_duajp;False;False;False;
PROD_kbcjbl;False;False;False;
PROD_xcfshtm;False;False;False;
PROD_ejpnico;False;False;False;
PROD_nbgcqlfo;False;False;False;
PROD_sopxmfuu;False;False;False;
PROD_dbkiauc;False;False;False;
PROD_hqzhwo;False;False;False;
PROD_ycpwvb;False;False;False;
PROD_mgwnq;False;False;False;
PROD_haduck;False;False;False;
PROD_puvkby;False;False;False;
PROD_vtls;False;False;False;
PROD_clseq;False;False;False;
PROD_fpeqds;False;False;False;
PROD_ernjs;False;False;False;
PROD_rcnwc;False;False;False;
PROD_dwzto;False;False;False;
PROD_tzdcoz;False;False;False;
PROD_xijkb;False;False;False;
PROD_knaphadj;False;False;False;
PROD_eokg;False;False;False;
PROD_jqkmo;False;False;False;
PROD_nrwr;False;False;False;
PROD_pdlhgrep;False;False;False;
PROD_isqs;False;True;False;
PROD_hxdxom;False;False;False;
PROD_vbbxrrz;False;False;False;
PROD_iaekwi;False;False;False;
PROD_sbxs;False;False;False;
PROD_oxjoec;False;False;False;
PROD_pkqd;False;False;True;
PROD_ymozhwe;False;False;False;
PROD_klqqmkdc;False;False;False;
PROD_yetyozlj;False;False;False;
PROD_aycohi;False;False;False;
PROD_xcdyzny;False;False;False;
PROD_uvskfvb;False;False;False;
PROD_mvjbbf;False;False;False;
PROD_lgjcalz;False;False;False;
PROD_rctuo;False;False;False;
PROD_grsf;False;False;False;
PROD_rzjgm;False;False;False;
PROD_temubv;False;False;False;
PROD_zkapi;False;False;False;
PROD_mbolmz;False;False;False;
PROD_hpulrf;False;False;False;
PROD_pqqml;False;False;False;
PROD_mpjux;False;False;False;
PROD_engilfpm;False;False;False;
PROD_tkqofu;False;False;False;
PROD_kdkxf;False;False;False;
PROD_fuzinav;False;False;False;
PROD_lutrc;False;False;False;
PROD_gzdtjpq;False;False;False;
PROD_fxbnws;False;False;False;
PROD_cesvo;False;False;False;
PROD_rdxpyc;False;False;False;
PROD_jlbv;False;False;False;
PROD_ajwm;False;False;False;
PROD_nhxdjx;False;False;False;
PROD_qbhtubyk;False;False;False;
PROD_yokqd;False;False;False;
PROD_mfddcml;False;False;False;
PROD_otgi;False;False;False;
PROD_inbuodv;False;False;False;
PROD_koqbi;False;False;False;
PROD_foqsaxy;False;False;False;
PROD_lmnybzp;False;False;False;
PROD_gccbrr;False;False;False;
PROD_yivlsyak;False;False;False;
PROD_joazoior;False;False;False;
PROD_cefxzlkh;True;False;True;
PROD_ffukjtod;False;False;False;
PROD_xycewvpv;False;False;False;
PROD_txayak;False;False;False;
PROD_sfkca;False;False;False;
PROD_gdxutdyg;False;False;False;
PROD_dvtkrcq;False;False;False;
PROD_vfep;False;False;False;
PROD_lnmlc;False;False;False;
PROD_wtefzndq;False;False;False;
PROD_tgdt;False;False;False;
PROD_jubymfg;False;False;False;
PROD_ojafjby;False;False;False;
PROD_kpoi;False;False;False;
PROD_azblbkc;False;False;False;
PROD_dcnu;False;False;False;
PROD_kawrdg;False;False;False;
PROD_lmbrxiai;False;False;False;
PROD_dbpymlyq;False;False;False;
PROD_norba;False;False;False;
PROD_vrwrcs;False;False;False;
PROD_xodg;False;False;False;
PROD_jgap;False;False;False;
PROD_nqxgmfxx;False;False;False;
PROD_rpwj;False;False;False;
PROD_kfotpah;False;False;False;
PROD_talooyzw;False;False;False;
PROD_kaoxoqww;False;False;False;
PROD_odgv;False;False;False;
PROD_myrzcams;False;False;False;
PROD_zzdvddqe;False;False;False;
PROD_wmllsa;False;False;False;
PROD_ydwiyp;False;False;False;
PROD_abywy;False;False;False;
PROD_vrwqzjv;False;False;False;
PROD_ylhkaoej;False;False;False;
PROD_yfib;False;False;False;
PROD_jafhj;False;False;False;
PROD_zfxgc;False;False;False;
PROD_mgbio;False;False;False;
PROD_heyzqz;False;False;False;
PROD_hcwcr;True;False;False;
PROD_eztzuqa;False;False;False;
PROD_eyexeoe;False;False;False;
PROD_roodz;False;False;False;
PROD_irfftks;False;False;False;
PROD_tckzh;False;False;True;
PROD_iezywhg;False;False;False;
PROD_txerrj;False;False;False;
PROD_yuxnujth;False;False;False;
PROD_dusxs;False;False;False;
PROD_ssvz;False;False;False;
PROD_enub;False;False;False;
PROD_ldbkhttx;False;False;False;
PROD_jqtj;False;False;False;
PROD_mczjrdvn;False;False;False;
PROD_euoqzmj;True;False;False;
PROD_ulvgac;False;False;False;
PROD_jveppk;False;False;False;
PROD_lisu;False;False;False;
PROD_bxnvjyeq;False;False;False;
PROD_qnnyw;False;False;False;
PROD_ormoiu;False;False;False;
PROD_qrznv;False;False;False;
PROD_sllhcw;True;False;False;
PROD_unaemapx;False;False;False;
PROD_ecgq;False;False;False;
PROD_zlmiisvt;False;False;True;
PROD_tfqmpc;False;False;False;
PROD_sguhqjc;False;False;False;
PROD_hqflbz;False;False;False;
PROD_tideqw;False;False;False;
PROD_egly;False;False;False;
PROD_doatlu;False;False;False;
PROD_znzpqulh;False;False;False;
PROD_maiefbn;False;False;False;
PROD_dcquuqr;False;False;False;
PROD_wrgczl;False;False;False;
PROD_jwnyoj;False;False;False;
PROD_mwytrioi;False;False;False;
PROD_qcctwicl;False;False;False;
PROD_rdjb;False;False;False;
PROD_wbhkieli;False;False;False;
PROD_auvqe;False;False;False;
PROD_iuwc;False;False;True;
PROD_irliu;False;False;False;
PROD_cvihiaaf;False;False;False;
PROD_dyln;False;False;False;
PROD_ihhe;False;False;False;
PROD_llsh;False;False;False;
PROD_mlnx;False;False;False;
PROD_aeyyyjgb;False;False;False;
PROD_lytj;False;False;False;
PROD_qoaw;False;False;False;
PROD_hnsiha;False;False;False;
PROD_logr;False;False;False;
PROD_fgda;False;False;False;
PROD_tgleshzi;False;False;False;
PROD_huuz;False;False;False;
PROD_kyovgs;False;False;False;
PROD_mgemvn;True;False;False;
PROD_jmovqnww;False;False;False;
PROD_yzzucwks;False;False;False;
PROD_ijxvr;False;False;False;
PROD_cgua;False;False;False;
PROD_vmxkct;True;False;False;
PROD_nacp;False;False;False;
PROD_vysfow;False;False;False;
PROD_agsqrtym;False;False;False;
PROD_fpjtqn;False;False;False;
PROD_mjzzlc;False;False;False;
PROD_pjfz;False;False;False;
PROD_qgjamyk;False;True;False;
PROD_aidtqaxs;False;False;False;
PROD_auyadhma;False;False;False;
PROD_byxt;False;False;False;
PROD_fkpv;False;False;False;
PROD_agpcv;False;False;False;
PROD_wfqwm;False;False;False;
PROD_vchw;False;False;False;
PROD_vicj;False;False;False;
PROD_pxufk;False;False;False;
PROD_fnqutawt;False;False;False;
PROD_kvizfuvi;False;False;False;
PROD_onxei;False;False;False;
PROD_vugr;False;False;False;
PROD_zagpxgn;False;False;True;
PROD_nekgxsbx;False;False;False;
PROD_vksayam;False;False;False;
PROD_pnfmc;False;False;False;
PROD_fkhibmx;False;False;False;
PROD_tnvxgtk;False;False;False;
PROD_sghf;False;False;False;
PROD_bsrye;False;False;False;
PROD_xdidvzvd;False;False;False;
PROD_aacyzlbf;False;False;False;
PROD_diounab;False;False;False;
PROD_obgtx;False;False;False;
PROD_vlvqxn;False;False;False;
PROD_wawxc;False;False;False;
PROD_nzpa;False;False;False;
PROD_opuumjz;False;False;False;
PROD_kemv;False;False;True;
PROD_aaewuct;False;False;False;
PROD_wjzzi;False;False;False;
PROD_bqeh;False;False;False;
PROD_qzsc;False;False;False;
PROD_iuppskdf;False;False;False;
PROD_dtneb;True;False;False;
PROD_cybih;False;False;False;
PROD_yajq;False;False;False;
PROD_vkwpyb;False;False;False;
PROD_xtmxpoix;False;False;False;
PROD_zdpqkkp;False;False;False;
PROD_acaugf;False;False;False;
PROD_gounpqp;False;False;False;
PROD_yobsqwrl;False;False;False;
PROD_ibhexwm;False;False;False;
PROD_tibwyo;False;False;False;
PROD_vlhr;False;False;False;
PROD_bciimi;False;False;False;
PROD_qmvdmpfl;False;False;False;
PROD_uxijon;False;False;False;
PROD_tgww;False;False;False;
PROD_cjmd;False;True;False;
PROD_nceyu;False;False;False;
PROD_ytenrvhs;False;False;False;
PROD_ormfdvtx;False;False;False;
PROD_oqhb;False;False;False;
PROD_peirpe;False;False;False;
PROD_slzu;False;False;False;
PROD_fkkn;False;False;False;
PROD_olum;False;False;False;
PROD_rmvkes;False;False;False;
PROD_pushg;False;False;False;
PROD_gcxe;False;False;False;
PROD_gwfhc;False;False;False;
PROD_mpyen;False;False;False;
PROD_fczbgj;False;False;False;
PROD_aakc;False;False;False;
PROD_ssnwyl;False;False;False;
PROD_rjqcf;False;False;False;
PROD_xbvo;False;False;False;
PROD_cdmd;False;False;False;
PROD_mcbsxwlb;False;False;False;
PROD_qgss;False;False;False;
PROD_vozxzzyf;False;False;False;
PROD_ratcun;False;False;False;
PROD_bgokj;False;False;False;
PROD_yxozsqtr;False;False;False;
PROD_hafovud;False;False;False;
PROD_ffkx;False;False;False;
PROD_ygaoqls;False;False;False;
PROD_fapcojd;False;False;False;
PROD_vtchnbu;False;False;False;
PROD_vzczsd;False;False;False;
PROD_tjzzhkf;False;False;False;
PROD_ucwvf;False;False;False;
PROD_tuqha;False;False;False;
PROD_oifjsa;False;False;False;
PROD_ccdcidfz;False;False;False;
PROD_feamwxl;False;False;False;
PROD_whpcljr;False;False;False;
PROD_lqig;False;False;False;
PROD_euizu;False;False;False;
PROD_iksraisi;False;False;False;
PROD_xnizqvg;False;False;False;
PROD_bcfbkqw;False;False;False;
PROD_gkzgwrc;False;False;False;
PROD_pfym;False;False;False;
PROD_uexizq;False;False;False;
PROD_kdrp;False;False;False;
PROD_cqqx;False;False;False;
PROD_totii;True;False;False;
PROD_xgtgdoa;False;False;False;
PROD_lhdvqu;False;False;False;
PROD_yrvnc;False;False;False;
PROD_egkhvud;False;False;False;
PROD_ekaxzqii;False;False;False;
PROD_gpmvk;False;False;False;
PROD_xavh;False;False;False;
PROD_dbqnbb;False;False;False;
PROD_avzgm;False;False;False;
PROD_advuec;False;False;False;
PROD_bdlsy;False;False;False;
PROD_ofna;True;False;False;
PROD_jeoicbh;False;False;False;
PROD_qridiq;False;True;False;
PROD_vyyrdf;False;False;False;
PROD_qiyx;False;False;False;
PROD_mkoklcyt;False;False;False;
PROD_ayyqr;False;False;False;
PROD_krxsce;False;False;False;
PROD_hvppeain;False;False;False;
PROD_pxmmokft;False;False;False;
PROD_qena;False;False;False;
PROD_jkmvd;False;False;False;
PROD_ctzjz;False;False;False;
PROD_wkffdsoc;False;False;False;
PROD_vzieuksl;False;False;False;
PROD_wxdgymed;False;False;False;
PROD_ewurdm;False;False;True;
PROD_ltdo;False;False;False;
PROD_xzirjj;False;False;False;
PROD_ftld;False;False;False;
PROD_xwexq;False;False;False;
PROD_volxmvu;False;False;False;
PROD_ovpes;False;False;False;
PROD_ywowwt;False;False;False;
PROD_dowzx;False;False;False;
PROD_axmfsahl;False;False;False;
PROD_xbfna;False;False;False;
PROD_rnzak;False;False;False;
PROD_hxecpllw;False;False;False;
PROD_hzsonspi;False;False;False;
PROD_ahilag;False;False;False;
PROD_ttzt;False;False;False;
PROD_rjkchs;True;False;False;
PROD_lzgafdmi;False;False;False;
PROD_hqch;False;False;False;
PROD_zxjqnsy;False;False;False;
PROD_ommpgo;False;False;False;
PROD_vlfgk;False;False;False;
PROD_gcxiu;False;False;False;
PROD_wzgnl;False;True;False;
PROD_ddymh;False;False;False;
PROD_udgeuc;False;False;False;
PROD_hyrvlrw;False;False;False;
PROD_vjri;False;False;False;
PROD_pibrkbw;False;False;False;
PROD_vvrpqk;False;False;False;
PROD_zxvsy;False;False;False;
PROD_bcthwylf;False;False;False;
PROD_lfhf;False;False;False;
PROD_zssk;False;False;False;
PROD_cqtmrkcu;False;False;False;
PROD_yuerq;False;False;False;
PROD_phtobunx;False;False;False;
PROD_ijskrg;False;False;False;
PROD_bpcbkh;False;False;False;
PROD_cetjxw;False;False;False;
PROD_wyhqx;False;False;False;
PROD_zseb;False;False;False;
PROD_ptjz;False;False;False;
PROD_awnoxnzl;False;False;False;
PROD_gxywwwu;False;False;False;
PROD_ndqgm;False;False;False;
PROD_gcao;False;False;False;
PROD_gpqqpkw;False;False;False;
PROD_goijuoqw;False;False;False;
PROD_ckikwkfn;False;False;False;
PROD_qhzvqk;False;False;False;
PROD_nbwpxm;False;False;False;
PROD_xnebelqo;False;False;False;
PROD_ckdj;False;False;False;
PROD_pcbmbh;False;False;False;
PROD_zgibabw;False;False;False;
PROD_rdvymqt;False;False;False;
PROD_lkdbmoo;False;False;False;
PROD_pdkh;False;False;False;
PROD_cgzwcm;False;False;False;
PROD_pswjfv;False;False;False;
PROD_dvmd;False;False;False;
PROD_zbqinrb;False;False;False;
PROD_pwsq;False;False;False;
PROD_lpbxi;False;False;False;
PROD_wxmwomw;False;False;False;
PROD_xhdudz;False;False;False;
PROD_xqrnclp;False;False;False;
PROD_jimcdvj;False;False;False;
PROD_wrght;False;False;False;
PROD_wuvjrjds;False;False;False;
PROD_boccejc;False;False;False;
PROD_prjgbwui;False;False;False;
PROD_hfywxqct;False;False;True;
PROD_tuhgwxg;False;False;False;
PROD_adafyqlm;False;False;False;
PROD_toseuyat;False;False;False;
PROD_qtjvfjbz;False;False;False;
PROD_hdqyw;False;False;False;
PROD_tmhayzy;False;False;False;
PROD_rcvixsx;False;False;False;
PROD_rkhvg;False;False;False;
PROD_yiabkj;False;False;False;
PROD_qghnpwsn;False;False;False;
PROD_romf;False;False;False;
PROD_wbgemfs;False;False;False;
PROD_zdaw;False;False;False;
PROD_xvqxe;False;False;False;
PROD_qyed;False;False;False;
PROD_dkocoxkj;False;False;False;
PROD_nhllj;False;False;False;
PROD_iizpc;False;False;False;
PROD_tnwxdutt;False;False;False;
PROD_sxkevvv;False;False;False;
PROD_obrhzihp;False;False;False;
PROD_nodxcgy;False;False;False;
PROD_zogoley;False;False;False;
PROD_yrrp;False;False;False;
PROD_ifziwkfo;False;False;False;
PROD_ukzuzx;False;False;True;
PROD_pejrs;False;False;False;
PROD_aqxq;False;False;False;
PROD_avvzbje;False;False;False;
PROD_kmil;False;False;False;
PROD_bttymosb;False;False;False;
PROD_umfqlp;False;False;False;
PROD_pctix;False;False;False;
PROD_lhlgsl;False;False;False;
PROD_csehh;False;False;False;
PROD_dkaoqsk;False;False;False;
PROD_wwncy;False;False;False;
PROD_ucajudmc;False;False;False;
PROD_drse;False;False;False;
PROD_qohvu;True;False;False;
PROD_bqvev;False;False;False;
PROD_ibvupbsh;False;False;False;
PROD_uyptt;False;False;False;
PROD_uzhbdyp;True;False;False;
PROD_gvnn;False;False;False;
PROD_qlprwry;False;False;False;
PROD_nhdjkaec;False;False;False;
PROD_rfwrtbp;False;False;False;
PROD_efvmpe;False;False;False;
PROD_sqdrprr;False;False;False;
PROD_dsaaa;False;False;False;
PROD_fydvlvq;False;False;False;
PROD_gmmi;False;False;False;
PROD_lumpo;False;False;False;
PROD_azui;False;False;False;
PROD_wpcxoeh;False;False;False;
PROD_dekaaaod;False;False;False;
PROD_fvyhc;False;False;False;
PROD_ravjmvt;False;False;False;
PROD_cejrrv;False;False;False;
PROD_glrouutj;False;False;False;
PROD_xlcnyr;False;False;False;
PROD_ykaiwh;False;False;False;
PROD_pamjyxwr;False;False;False;
PROD_npgromuq;False;False;False;
PROD_pupbo;False;False;False;
PROD_mwezl;False;False;False;
PROD_kaopq;False;False;False;
PROD_dcfuags;False;False;False;
PROD_kzhi;False;False;False;
PROD_retfh;False;False;False;
PROD_oujdioe;True;False;False;
PROD_enne;False;False;False;
PROD_jhomg;False;False;False;
PROD_etbevi;True;False;False;
PROD_myhfym;False;False;False;
PROD_yuys;False;False;False;
PROD_qtnaw;False;False;True;
PROD_oxhz;False;False;False;
PROD_dxpy;False;False;False;
PROD_ixesqzjn;False;False;False;
PROD_ffaegwhm;False;False;False;
PROD_ufblvt;False;False;False;
PROD_qkvnr;False;False;False;
PROD_ehdrxfx;False;False;False;
PROD_wqsmton;False;False;False;
PROD_mtuddhrp;False;False;False;
PROD_bgwv;False;False;False;
PROD_gztsywh;False;False;False;
PROD_cvoci;False;False;False;
PROD_ommtowh;True;False;False;
PROD_tqqckg;False;False;False;
PROD_doybiwos;True;False;False;
PROD_lmbghs;False;False;False;
PROD_ktkehk;False;False;False;
PROD_dztn;True;False;False;
PROD_bcroorc;False;False;False;
PROD_ayxrv;False;False;False;
PROD_utvz;False;False;False;
PROD_wbjwwxxv;False;False;False;
PROD_manc;False;False;False;
PROD_hmywjqm;False;False;False;
PROD_wgtnkz;False;False;False;
PROD_wtganpft;False;False;False;
PROD_xntthoq;False;False;False;
PROD_smvqc;False;False;False;
PROD_vcehh;False;False;False;
PROD_cxieh;False;False;False;
PROD_ptcuzob;False;False;False;
PROD_xyjnlvp;False;False;False;
PROD_ruzsezrj;False;False;False;
PROD_bbome;False;False;False;
PROD_uxojud;False;False;False;
PROD_htpx;False;False;False;
PROD_xvgwfvf;False;False;False;
PROD_rreny;False;False;False;
PROD_krrcvnt;False;False;False;
PROD_qmjfq;False;False;False;
PROD_bhsv;False;False;False;
PROD_gggyru;False;False;False;
PROD_dfgscif;False;False;False;
PROD_wpimwfss;False;False;False;
PROD_jgpkcb;False;False;False;
PROD_hlmdm;False;False;False;
PROD_cbjklg;False;False;False;
PROD_uspjuu;False;False;False;
PROD_vrcwd;False;False;False;
PROD_ecnlnlz;False;False;False;
PROD_jegyp;False;False;False;
PROD_tnybop;False;False;False;
PROD_kpac;False;False;False;
PROD_cuvebe;False;False;False;
PROD_xbbja;False;False;False;
PROD_hqfacscm;False;False;False;
PROD_rfgl;False;False;False;
PROD_jhjipb;False;False;False;
PROD_fiyicm;False;False;False;
PROD_seogv;False;False;False;
PROD_bjuthpl;False;False;False;
PROD_zhwrcy;False;False;False;
PROD_aggalp;False;False;False;
PROD_rnswivr;False;False;False;
PROD_txswvqyn;False;False;False;
PROD_cnxj;False;False;False;
PROD_imrnw;False;False;False;
PROD_lffcied;False;False;False;
PROD_nyzebhhg;False;False;False;
PROD_hexufjn;False;False;False;
PROD_ashud;False;False;False;
PROD_hmduthq;False;False;False;
PROD_vdej;False;False;False;
PROD_czgkniz;False;False;False;
PROD_bcaalb;False;False;False;
PROD_uovkmj;False;False;False;
PROD_vtrgfiq;False;False;False;
PROD_yalndou;False;False;False;
PROD_mbzsxrea;False;False;False;
PROD_mdos;False;False;False;
PROD_mxknjlzo;False;False;False;
PROD_qtno;False;False;False;
PROD_nvvjueeu;False;False;False;
PROD_gljdx;False;False;False;
PROD_piqnc;False;False;False;
PROD_vhpknrm;False;False;False;
PROD_nsyzyiz;False;False;False;
PROD_jyrxg;False;False;True;
PROD_huda;False;False;False;
PROD_gczrf;False;False;False;
PROD_werpxwh;False;False;False;
PROD_npek;False;False;False;
PROD_adnit;False;False;False;
PROD_mvvbj;False;False;False;
PROD_jjhrmjg;False;False;False;
PROD_zgvlx;False;False;False;
PROD_apczo;False;False;False;
PROD_dbpmpnmq;False;False;False;
PROD_byqdw;False;False;False;
PROD_setxenv;False;False;False;
PROD_qwcxkrom;False;False;False;
PROD_dtlefaf;False;False;False;
PROD_jbewm;False;False;False;
PROD_quvbtc;False;False;False;
PROD_jxqa;False;False;False;
PROD_tzwryayn;False;False;False;
PROD_bjtbkdga;False;False;False;
PROD_dyqdxip;False;False;False;
PROD_isghgb;False;False;False;
PROD_bhkfmpd;False;False;False;
PROD_ddxav;False;False;False;
PROD_oxnau;False;False;False;
PROD_gwjv;False;False;False;
PROD_hmloczx;False;False;False;
PROD_kpyukya;False;False;False;
PROD_hludn;False;False;False;
PROD_wcqdaq;False;False;False;
PROD_ktmqdgwc;False;False;False;
PROD_ejnktuf;False;False;False;
PROD_jzsd;False;False;False;
PROD_piwpdsxi;False;True;False;
PROD_txprw;False;True;False;
PROD_vglhf;False;False;False;
PROD_nlmkqp;False;False;False;
PROD_kqeyilt;False;False;False;
PROD_wprpanra;False;False;True;
PROD_mzchre;False;False;False;
PROD_ovfby;False;False;False;
PROD_nqfeuy;False;False;False;
PROD_mvxhou;False;False;False;
PROD_mrowlv;False;False;False;
PROD_lwcsdryb;False;False;False;
PROD_vnaiq;False;False;False;
PROD_orol;False;False;False;
PROD_zkdwc;False;False;False;
PROD_fgjqew;False;False;False;
PROD_xxnq;False;False;False;
PROD_liigr;False;False;False;
PROD_kxth;False;False;False;
PROD_bwzmq;False;False;False;
PROD_jbbwncf;False;False;False;
PROD_apfyxzvu;False;False;False;
PROD_cjxlpn;False;False;False;
PROD_foucn;False;False;False;
PROD_siyc;False;False;False;
PROD_wgkwjlsk;False;False;False;
PROD_qhdkzkv;False;False;False;
PROD_zcdefujo;False;False;False;
PROD_mgvabhsy;False;False;False;
PROD_kcbelz;False;False;False;
PROD_dstyfmj;False;False;False;
PROD_luwcxd;False;False;False;
PROD_tfxjym;False;False;False;
PROD_cibrt;False;False;False;
PROD_mhnv;False;False;False;
PROD_nkvyss;False;False;False;
PROD_hbnapz;False;False;False;
PROD_vmhvamt;False;False;False;
PROD_nwinxl;False;True;False;
PROD_oztarc;False;False;False;
PROD_owerk;False;False;False;
PROD_jszrb;False;False;False;
PROD_gsjwqte;False;False;False;
PROD_bnavhyit;False;False;False;
PROD_apwghx;False;False;False;
PROD_eiacplw;False;False;False;
PROD_cunxdf;False;False;False;
PROD_iwmazozc;False;False;False;
PROD_hyjx;False;False;False;
PROD_ikoer;False;False;False;
PROD_pyyi;False;False;False;
PROD_pnxj;False;False;False;
PROD_fekf;True;False;False;
PROD_vpwcis;False;False;False;
PROD_gpze;False;False;False;
PROD_absl;False;False;False;
PROD_mpmtcze;False;False;False;
PROD_sarlnjky;False;False;False;
PROD_ljccfomx;False;False;False;
PROD_wvnuxab;False;False;False;
PROD_qcnnfm;False;False;False;
PROD_mucrwd;False;False;False;
PROD_rufu;False;False;False;
PROD_ukyfhxt;False;False;False;
PROD_fddyoxv;False;False;False;
PROD_alfask;False;False;False;
PROD_otafgtw;False;False;False;
PROD_uryivcz;False;False;False;
PROD_gdty;False;False;False;
PROD_qcmpyofm;False;False;False;
PROD_liathp;False;False;False;
PROD_qgovjz;False;False;False;
PROD_ahovckig;False;False;False;
PROD_ybjfzyw;False;False;False;
PROD_bsxlr;False;False;False;
PROD_dxqxknx;False;False;False;
PROD_jntaxlow;False;False;False;
PROD_vkqeyuoi;False;False;False;
PROD_tbrpkzs;False;False;False;
PROD_frrzziv;False;False;False;
PROD_oglliwh;False;False;False;
PROD_cavpp;False;False;False;
PROD_lmfzos;False;False;False;
PROD_rwotqrcj;False;False;False;
PROD_dvfxflpr;False;False;False;
PROD_yasejkoe;False;False;False;
PROD_uyce;False;False;False;
PROD_pdkibn;False;False;False;
PROD_zlzqi;False;False;False;
PROD_uqtblhmt;False;False;False;
PROD_gejy;False;False;False;
PROD_xuhfj;False;False;False;
PROD_fwiqmclt;False;False;False;
PROD_gcdhks;False;False;False;
PROD_puftoglc;False;False;False;
PROD_tniwjlrk;False;False;False;
PROD_chdvmin;False;False;False;
PROD_qnfn;False;False;False;
PROD_anhcvya;False;False;False;
PROD_jxso;False;False;False;
PROD_pqdc;False;False;False;
PROD_kvejyrs;False;False;False;
PROD_omxrima;False;False;False;
PROD_bijtatbn;False;False;False;
PROD_ubeo;False;False;False;
PROD_pechxwj;True;False;False;
PROD_kqex;False;False;False;
PROD_ailkibh;False;False;False;
PROD_pqgbtfs;False;False;False;
PROD_nyewtw;False;False;False;
PROD_zaexzc;False;False;False;
PROD_piudims;False;False;False;
PROD_wvybqe;False;False;False;
PROD_peob;False;False;False;
PROD_scctfyo;False;False;False;
PROD_kaefzgjo;False;False;False;
PROD_ubfcd;False;False;False;
PROD_lznfr;False;False;False;
PROD_aaub;False;False;False;
PROD_htlcgxx;False;False;False;
PROD_khztmbhu;False;False;False;
PROD_abimf;False;False;False;
PROD_lnyc;False;False;False;
PROD_zrufwyu;False;False;False;
PROD_jqrcuxe;False;False;False;
PROD_emvhs;False;False;False;
PROD_taonxik;False;False;False;
PROD_shuupzr;False;False;False;
PROD_rxkoqo;False;False;False;
PROD_jhgf;False;False;False;
PROD_qrblyw;False;False;False;
PROD_ltjleea;False;False;False;
PROD_ybwgvllr;False;False;False;
PROD_ndpc;False;False;False;
PROD_uphg;False;False;False;
PROD_jgvwwra;False;False;False;
PROD_ecqo;False;False;False;
PROD_ypdyqpr;False;False;False;
PROD_xgotbi;False;False;False;
PROD_vvdnmych;False;False;False;
PROD_ynedb;False;False;False;
PROD_suorgsl;False;False;False;
PROD_jhtydlpy;False;False;False;
PROD_jmexfkvj;False;False;False;
PROD_bcbcfsrh;False;False;False;
PROD_erosjovf;False;False;False;
PROD_wxgev;True;False;True;
PROD_kwamanx;False;False;False;
PROD_ljisxki;False;False;False;
PROD_ebqqokbg;False;False;False;
PROD_uvpbqntu;False;False;False;
PROD_jzfqz;False;False;False;
PROD_toferc;False;False;False;
PROD_qyvzhxwn;False;False;False;
PROD_efmpid;False;False;False;
PROD_meox;False;False;False;
PROD_gmjgpehq;False;False;False;
PROD_ioay;False;False;False;
PROD_frerax;False;False;False;
PROD_dyucqdf;False;False;False;
PROD_hvqrtxf;False;False;False;
PROD_sfmcoggd;False;False;False;
PROD_elisxmm;True;False;False;
PROD_nsfssmz;False;False;False;
PROD_dxjqpb;False;False;False;
PROD_xmlb;False;False;False;
PROD_uugpmvl;False;False;False;
PROD_syvfooyl;False;False;False;
PROD_nmig;False;False;False;
PROD_czrk;True;False;True;
PROD_yceqehh;False;False;False;
PROD_vypek;False;False;False;
PROD_sexxlfs;True;False;False;
PROD_mzptyv;False;False;False;
PROD_tynyvme;False;False;False;
PROD_azzh;False;False;False;
PROD_ofmcnzp;False;False;False;
PROD_ghcu;False;False;False;
PROD_fupbfa;False;False;False;
PROD_rycbzou;True;False;False;
PROD_krlndn;False;False;False;
PROD_tzrsqtsb;False;False;False;
PROD_wanryru;False;False;False;
PROD_owfakqg;False;False;False;
PROD_egooqsv;False;False;False;
PROD_rbnwwvn;False;False;False;
PROD_kjcaoxsm;False;False;False;
PROD_hooklp;False;False;False;
PROD_wiqqbt;False;False;False;
PROD_tuqzg;False;False;False;
PROD_ouqslyj;False;False;False;
PROD_yhlqjws;False;False;False;
PROD_gwbrs;False;False;False;
PROD_qrrpgv;False;False;False;
PROD_vxquabj;False;False;False;
PROD_nnscwzai;False;False;False;
PROD_upqzn;False;False;False;
PROD_vbzbzwys;False;False;False;
PROD_eojwaiz;False;False;False;
PROD_lretkfvw;False;False;False;
PROD_mbndobd;False;False;False;
PROD_joliy;False;False;False;
PROD_ucmqspeh;False;False;False;
PROD_eavfhj;False;False;False;
PROD_mudv;False;False;False;
PROD_ukunb;False;False;False;
PROD_iarlea;False;False;False;
PROD_rzdhyxhf;False;False;False;
PROD_zrorbm;False;False;False;
PROD_dsbhjzqc;False;False;False;
PROD_lyoehep;False;False;False;
PROD_tglpwy;False;False;False;
PROD_tpbllfqz;False;False;False;
PROD_znkpsxy;False;False;False;
PROD_hxmk;False;False;False;
PROD_snboehg;False;False;False;
PROD_frngl;False;False;False;
PROD_wnufcl;False;False;False;
PROD_wshxox;False;False;False;
PROD_fcayqir;False;False;False;
PROD_dbuqkypm;False;False;False;
PROD_qtouted;False;False;False;
PROD_lquck;False;False;False;
PROD_lbqyw;False;False;False;
PROD_nikshmrz;False;False;False;
PROD_husze;False;False;False;
PROD_qitrpwnc;False;False;False;
PROD_zrvju;False;False;False;
PROD_wbroke;False;False;False;
PROD_spiul;False;False;False;
PROD_rouac;False;False;False;
PROD_diyprjz;False;False;False;
PROD_ejol;True;False;False;
PROD_botv;False;False;False;
PROD_rdao;False;False;False;
PROD_kaelujby;True;False;False;
PROD_fexf;False;False;False;
PROD_nuit;False;False;False;
PROD_kctogv;False;False;False;
PROD_nxfoduo;False;False;False;
PROD_jbrs;True;False;False;
PROD_unpfpkhh;False;False;False;
PROD_yrtbd;False;False;False;
PROD_wwptrd;False;False;False;
PROD_oddwfczx;False;False;False;
PROD_fybtvn;False;False;False;
PROD_jjai;False;False;False;
PROD_qcrm;True;False;False;
PROD_dxexxdqb;False;False;False;
PROD_xkthkvt;False;False;False;
PROD_vzkw;False;False;False;
PROD_hgirpiod;False;False;False;
PROD_dpgkv;False;False;False;
PROD_opdmy;False;False;True;
PROD_mssrilhz;False;False;False;
PROD_xdqoax;False;False;False;
PROD_cxkggt;False;False;False;
PROD_ebcq;False;False;False;
PROD_oakuoyjq;False;False;False;
PROD_levik;False;False;False;
PROD_ccvw;True;False;False;
PROD_hwxslsof;False;False;False;
PROD_rdtrnf;False;False;False;
PROD_mxmcxe;False;False;False;
PROD_xqdtu;False;False;False;
PROD_ovcvr;False;False;False;
PROD_aciii;False;False;False;
PROD_ikpnajoq;False;False;False;
PROD_cnslyjd;False;False;False;
PROD_kulbkv;False;False;False;
PROD_tywyzzhv;False;False;False;
PROD_lnprq;False;True;False;
PROD_zdgq;False;False;False;
PROD_yglmjv;False;False;False;
PROD_xlwte;True;False;True;
PROD_hqattsx;False;False;False;
PROD_ohullfc;False;False;False;
PROD_tnxza;False;False;False;
PROD_sgtwgsw;False;False;False;
PROD_nctt;False;False;False;
PROD_tmxvc;False;False;False;
PROD_topzjax;False;False;False;
PROD_tiaevo;False;False;False;
PROD_yhwngepn;False;False;False;
PROD_jcxqwbn;False;False;False;
PROD_nfzoie;False;False;False;
PROD_wngvt;False;False;False;
PROD_qjvzfoyn;False;False;False;
PROD_oklqulkb;False;False;False;
PROD_emhpypk;False;False;False;
PROD_cwnfqx;False;False;False;
PROD_bmwwxg;False;False;False;
PROD_dkdcpogt;False;False;False;
PROD_bfssqm;False;False;False;
PROD_tfkjx;False;False;True;
PROD_fogyqtrs;False;False;False;
PROD_oljigp;False;False;False;
PROD_qizad;False;True;False;
PROD_yqsbezv;False;False;False;
PROD_jmfye;False;False;False;
PROD_zrdpem;False;False;False;
PROD_mfto;False;False;False;
PROD_gezmfi;False;False;False;
PROD_igky;False;False;False;
PROD_voks;False;False;False;
PROD_fogab;False;False;False;
PROD_hpvedms;False;False;False;
PROD_gxgllxz;False;False;False;
PROD_wxhiold;False;False;False;
PROD_wotbfd;False;False;False;
PROD_vexvcp;False;False;False;
PROD_eebg;False;False;False;
PROD_mnxyqet;False;False;False;
PROD_lqzq;False;False;False;
PROD_bnadkfeh;False;False;False;
PROD_wpfrky;False;True;False;
PROD_bggszsuo;False;False;False;
PROD_pwse;False;False;False;
PROD_rqkvk;False;False;False;
PROD_euxkbm;False;False;False;
PROD_gudvl;False;False;False;
PROD_twbc;False;False;False;
PROD_szesggco;False;False;False;
PROD_upvp;False;False;False;
PROD_itgwo;False;False;False;
PROD_tdurt;True;False;False;
PROD_wlii;False;False;False;
PROD_slsd;False;False;False;
PROD_lbanrt;True;False;False;
PROD_nxpt;False;False;False;
PROD_qwbo;False;False;False;
PROD_qkxoktpt;True;False;False;
PROD_eoaks;False;False;False;
PROD_pgrqxhy;False;False;False;
PROD_twkcpbj;False;False;False;
PROD_epge;False;False;False;
PROD_lraaz;False;False;False;
PROD_zhcceh;False;False;False;
PROD_lseebik;False;False;False;
PROD_bylu;False;False;False;
PROD_syiawlo;False;False;False;
PROD_qgwkibw;False;False;False;
PROD_rfnotkmy;True;False;False;
PROD_cusv;False;False;False;
PROD_ssst;False;False;False;
PROD_ttfi;False;False;False;
PROD_bmzbw;False;False;False;
PROD_jdam;False;False;False;
PROD_mrpcw;False;False;False;
PROD_iyqnv;False;False;False;
PROD_qwjt;False;False;False;
PROD_lnrrrs;False;False;False;
PROD_pmeqifbf;False;False;False;
PROD_xxfibefp;True;False;False;
PROD_svjiij;False;False;False;
PROD_vauhkkn;False;False;False;
PROD_fmhjndea;False;False;False;
PROD_bpjgieyn;False;False;False;
PROD_dzvwc;False;False;False;
PROD_knrqmta;False;False;False;
PROD_wwdbdnhs;False;False;False;
PROD_gmjj;False;False;False;
PROD_ximaehjo;False;False;False;
PROD_wesf;False;False;False;
PROD_ejyi;False;False;False;
PROD_ivcszhht;False;False;False;
PROD_vztnxin;False;False;False;
PROD_ltemfrob;False;False;False;
PROD_ssjmkxzu;False;False;False;
PROD_mplebrgi;False;False;False;
PROD_eggb;False;False;True;
PROD_mzknw;False;False;False;
PROD_arvbmhba;False;False;False;
PROD_dnvr;False;False;False;
PROD_xchuy;False;False;False;
PROD_mbhz;False;False;False;
PROD_lvcyedv;False;False;False;
PROD_gtcpn;False;False;False;
PROD_yhvlh;False;False;False;
PROD_twfdm;False;False;False;
PROD_wjjem;False;False;False;
PROD_fckbkn;False;False;False;
PROD_siozwrd;False;False;False;
PROD_fjiqgng;False;False;False;
PROD_mgis;False;False;False;
PROD_mxdyzur;False;False;False;
PROD_xkysvnh;False;False;False;
PROD_pcyogdg;False;False;False;
PROD_dwwmmjj;False;False;False;
PROD_dkmlkkrm;False;False;False;
PROD_hefd;True;False;False;
PROD_nrixd;False;False;False;
PROD_zszmlcc;False;False;False;
PROD_pcua;False;False;False;
PROD_yksik;False;False;False;
PROD_tveeqn;False;False;False;
PROD_bntjrtoh;False;False;False;
PROD_qbpujhhj;False;False;False;
PROD_nchhyksv;False;False;False;
PROD_mymk;False;False;False;
PROD_bkdyysd;False;False;False;
PROD_iunjpk;False;False;False;
PROD_vpjaipkl;False;False;False;
PROD_qqox;False;False;False;
PROD_qvnqkjh;False;False;False;
PROD_xheu;False;False;False;
PROD_fbkzaqvx;False;False;False;
PROD_eddyn;False;False;False;
PROD_dmpqj;False;False;False;
PROD_chrmhngp;False;False;False;
PROD_cqtyh;False;False;False;
PROD_acokymjb;False;False;False;
PROD_yyfspaja;False;False;False;
PROD_vzby;False;False;False;
PROD_zmeekm;False;False;False;
PROD_qpsnc;False;False;False;
PROD_diptub;False;False;False;
PROD_uhfkt;False;False;False;
PROD_qtsukdrx;False;False;False;
PROD_xifadru;False;False;False;
PROD_lgcfsid;False;False;False;
PROD_tfkhj;False;False;False;
PROD_pqnx;False;False;False;
PROD_wunqywpi;False;False;False;
PROD_ljrzke;False;False;False;
PROD_cnuf;True;False;False;
PROD_ptyawqfb;False;False;False;
PROD_lezgliq;False;False;False;
PROD_mlaxnkz;False;False;False;
PROD_hzsbkln;False;False;False;
PROD_seorkvna;False;False;False;
PROD_alldwyn;False;False;False;
PROD_wcptb;False;False;False;
PROD_buoo;False;False;False;
PROD_mcmiir;False;False;False;
PROD_iwwq;False;False;False;
PROD_codvu;False;False;False;
PROD_ifuvc;False;False;False;
PROD_hzmnhssy;False;False;False;
PROD_brzltxut;False;False;False;
PROD_lajgetx;False;False;False;
PROD_nuhxzb;False;False;False;
PROD_wqfemhk;False;False;False;
PROD_fdurq;False;False;False;
PROD_izrklx;False;False;False;
PROD_rnuri;False;False;False;
PROD_bvrutgm;False;False;False;
PROD_zngjcfad;False;False;False;
PROD_zytlid;False;False;False;
PROD_xebgbjsi;False;False;False;
PROD_wjlpp;False;False;False;
PROD_emkgox;False;False;False;
PROD_wbwm;False;False;False;
PROD_tbyh;False;False;False;
PROD_cwoqkak;False;False;False;
PROD_jkmzwz;False;False;False;
PROD_glcwd;False;False;False;
PROD_vknhxjmw;True;False;True;
PROD_vycdzopb;False;False;False;
PROD_tmgiqf;False;False;False;
PROD_kuqn;False;False;False;
PROD_zmib;False;False;False;
PROD_wfgzxibh;False;False;False;
PROD_fjzswbr;False;False;False;
PROD_bjaf;False;False;False;
PROD_nckx;False;False;False;
PROD_yackin;False;False;False;
PROD_hwxqljm;False;False;False;
PROD_amatqjr;False;False;False;
PROD_unxjobj;False;False;False;
PROD_rcsng;False;False;False;
PROD_ejmjwtc;False;False;False;
PROD_qkblp;False;False;False;
PROD_dtodr;False;False;False;
PROD_tuxf;False;False;False;
PROD_lsjyky;False;False;False;
PROD_jhycq;False;False;False;
PROD_dxdp;False;False;False;
PROD_dbxmwxlk;False;False;False;
PROD_uzretwid;False;False;False;
PROD_kgsjqpvz;False;False;False;
PROD_clkcr;False;False;True;
PROD_tjiwq;False;False;False;
PROD_auot;False;False;False;
PROD_gqzhg;False;False;False;
PROD_ohdgguk;False;False;False;
PROD_mdgg;False;False;False;
PROD_yiwy;False;False;False;
PROD_wqby;False;False;False;
PROD_gyxc;False;False;False;
PROD_xoutpmkw;False;False;False;
PROD_eflcbdpg;False;False;False;
PROD_jlyreacc;False;False;False;
PROD_wxzba;False;False;False;
PROD_cqqvunwo;False;False;False;
PROD_ryzham;False;False;False;
PROD_zahefx;False;False;False;
PROD_afbifhh;False;False;False;
PROD_ohdvsrqv;False;False;False;
PROD_bvizf;False;False;False;
PROD_uudpaxmw;False;False;False;
PROD_rvknyudx;False;False;False;
PROD_jbco;False;False;False;
PROD_ecolttku;False;False;False;
PROD_xxyabx;False;False;False;
PROD_bcdeyyk;False;True;False;
PROD_gvekjur;False;False;False;
PROD_qzhj;False;False;False;
PROD_sypxuow;False;False;False;
PROD_ptpsugy;False;False;False;
PROD_ctmpjrh;False;False;False;
PROD_iilnnkui;False;False;False;
PROD_eslb;False;False;False;
PROD_zrxrljy;False;False;False;
PROD_sluqu;False;False;False;
PROD_bmzhw;False;False;False;
PROD_mswojsxh;False;False;False;
PROD_bfibxcuw;False;False;True;
PROD_gytmdplt;False;False;False;
PROD_dbeu;False;False;False;
PROD_klikbos;False;False;False;
PROD_idouqsf;False;False;False;
PROD_ldstzk;False;False;False;
PROD_fwbjyp;False;False;False;
PROD_uqzvrtov;False;False;False;
PROD_zxcry;False;False;False;
PROD_qkwzr;False;False;False;
PROD_jwxdiyx;False;False;False;
PROD_tvebi;False;False;False;
PROD_ezmktqkd;False;False;False;
PROD_pxggzqw;True;False;True;
PROD_lbolmtil;False;False;False;
PROD_cixpcwxs;False;False;False;
PROD_lqvxv;False;False;False;
PROD_vmwf;False;False;False;
PROD_xypb;True;False;True;
PROD_ldrmdxw;False;False;False;
PROD_wuhtqz;True;False;False;
PROD_ckvz;False;False;False;
PROD_ksnocaq;False;False;False;
PROD_fmgd;False;False;False;
PROD_motx;False;False;False;
PROD_qsyvbhlv;False;False;False;
PROD_qiwmwrel;False;False;False;
PROD_pvsn;False;False;False;
PROD_vxfczjrs;False;False;True;
PROD_nheh;False;False;False;
PROD_aqjq;False;False;False;
PROD_aoaapujt;False;False;False;
PROD_lreog;False;False;False;
PROD_uezl;False;False;False;
PROD_rziiy;False;False;False;
PROD_jejosrcm;False;False;False;
PROD_dgnn;False;False;False;
PROD_onopwcjx;False;False;False;
PROD_yxldsgwx;False;False;False;
PROD_lzpzi;False;False;False;
PROD_dfxzre;False;False;False;
PROD_ezwjnch;False;True;False;
PROD_cngh;False;False;False;
PROD_ohez;False;False;False;
PROD_butuvco;False;False;False;
PROD_lriwy;False;True;False;
PROD_nnkor;False;False;False;
PROD_lsfc;False;False;False;
PROD_ahdgmk;False;False;False;
PROD_tcguy;False;False;False;
PROD_xtkzbspa;False;False;False;
PROD_xdch;False;False;False;
PROD_syqmn;False;False;False;
PROD_vzblslzq;False;False;False;
PROD_zixgtpgl;False;False;False;
PROD_rxtb;False;True;False;
PROD_bezubod;False;False;False;
PROD_rfeq;False;False;False;
PROD_syfvhdr;False;False;False;
PROD_czjjxpyr;False;False;False;
PROD_wxkpgu;False;False;False;
PROD_tjzewn;False;False;False;
PROD_bbhl;False;True;False;
PROD_yxteudmn;False;False;True;
PROD_pbuff;False;False;False;
PROD_eoxty;False;False;False;
PROD_hkoamxd;False;False;False;
PROD_yqyxcgc;False;False;False;
PROD_lpkdxq;False;False;False;
PROD_faeccnea;False;False;False;
PROD_klvzd;False;False;False;
PROD_sosyvu;False;False;False;
PROD_vssn;False;False;False;
PROD_gisjbjz;False;False;False;
PROD_ganwzzz;False;False;False;
PROD_zquml;True;False;False;
PROD_bdubzrnb;False;False;False;
PROD_kibq;False;False;False;
PROD_jhdewdtr;False;False;False;
PROD_erlqvg;False;False;False;
PROD_exhiglys;False;False;False;
PROD_bcdyuyhg;False;False;False;
PROD_eiyu;False;False;False;
PROD_aamfi;False;False;False;
PROD_ivpq;False;False;False;
PROD_iqag;False;False;False;
PROD_naqud;True;False;False;
PROD_jfqeb;False;False;False;
PROD_vwgurg;False;False;False;
PROD_kngkp;False;False;False;
PROD_obylcilv;False;False;False;
PROD_durpva;False;True;False;
PROD_uxzdyo;False;False;False;
PROD_jfwcl;False;False;False;
PROD_iafwokt;False;False;False;
PROD_nvaw;False;False;False;
PROD_qnqgwch;False;True;False;
PROD_zyrb;False;False;False;
PROD_miho;False;False;False;
PROD_ybjkf;False;False;False;
PROD_wzlupqxz;False;False;False;
PROD_zskjqn;False;False;False;
PROD_kjorq;False;False;False;
PROD_euan;False;False;False;
PROD_tofbg;False;False;False;
PROD_alfkuuz;False;False;False;
PROD_omooee;False;False;False;
PROD_juaoyr;False;False;False;
PROD_jlwduqoe;False;False;False;
PROD_yubk;False;False;False;
PROD_chlxxtga;False;False;False;
PROD_xhfmrt;False;False;False;
PROD_bneiv;False;False;False;
PROD_lcjopxsg;False;False;False;
PROD_jbdvujhi;False;False;False;
PROD_kblvk;False;False;False;
PROD_aiolxymr;False;False;False;
PROD_hocmym;False;False;False;
PROD_pntnqve;False;False;False;
PROD_kagq;False;False;False;
PROD_sjhxbnv;False;False;False;
PROD_hnzpe;False;False;False;
PROD_zkix;False;False;False;
PROD_jkhhtcy;False;False;False;
PROD_ebek;False;False;True;
PROD_vxqbowik;False;False;False;
PROD_webxsvja;False;False;False;
PROD_zryep;False;False;True;
PROD_ztmqkzmb;False;False;False;
PROD_ysbt;False;False;False;
PROD_xwiw;False;False;False;
PROD_rcxzq;False;False;False;
PROD_evkybw;False;False;False;
PROD_catshtb;False;False;False;
PROD_cvimu;False;False;False;
PROD_robplo;False;False;False;
PROD_bcfqkf;False;False;False;
PROD_liaam;False;False;False;
PROD_zkawxlus;False;False;False;
PROD_kauqeh;True;False;False;
PROD_rvkuftcq;False;False;False;
PROD_grhiacta;False;False;False;
PROD_icob;False;False;False;
PROD_dqywr;False;False;False;
PROD_drbxpxi;False;False;False;
PROD_szsmbhxl;False;False;False;
PROD_eatehkg;False;False;False;
PROD_raakj;False;False;False;
PROD_fiwhubm;False;False;False;
PROD_mkirn;False;False;False;
PROD_wpvvq;False;False;False;
PROD_ebpejhv;False;False;False;
PROD_auymzm;False;False;False;
PROD_gldir;False;False;False;
PROD_vfmwvyo;False;False;False;
PROD_tafl;False;False;False;
PROD_mayylcz;False;False;False;
PROD_ccwzd;False;False;False;
PROD_jxyn;False;True;False;
PROD_axbyfyxl;False;False;False;
PROD_ilidai;False;False;False;
PROD_imuyhp;False;False;False;
PROD_syoixvj;False;False;False;
PROD_zulf;False;False;False;
PROD_tiguxtoh;False;False;False;
PROD_wupny;False;False;False;
PROD_fjlbw;False;False;False;
PROD_rivmz;False;False;False;
PROD_tuqxnf;False;False;False;
PROD_rtojev;False;False;False;
PROD_gmcss;False;False;False;
PROD_hhcdo;False;False;False;
PROD_jvjfinyp;False;False;False;
PROD_rbekse;False;False;False;
PROD_iqmp;True;False;False;
PROD_rxydmhu;False;False;False;
PROD_gxwz;False;True;False;
PROD_ebmsduo;False;False;False;
PROD_vkny;False;False;False;
PROD_oqhafktr;False;False;False;
PROD_ysdsuwtn;False;False;False;
PROD_jkqapx;False;False;False;
PROD_fkkkqk;False;False;False;
PROD_eepzw;False;False;False;
PROD_epczmtng;False;False;False;
PROD_ormyxftn;False;False;False;
PROD_vafybagv;False;False;False;
PROD_slksxhcn;False;False;False;
PROD_sgaftlpu;False;False;False;
PROD_yzcawo;False;False;False;
PROD_grxnsukg;False;False;False;
PROD_wvwex;True;False;True;
PROD_lodeat;False;False;False;
PROD_rbhqdskf;False;False;False;
PROD_mfhdhq;False;False;False;
PROD_dpfgmtem;False;False;False;
PROD_uzvlayrg;False;False;False;
PROD_elphkeop;False;False;False;
PROD_hkrwa;False;False;False;
PROD_kqshff;False;False;False;
PROD_opskzktw;False;False;False;
PROD_onva;False;False;False;
PROD_uwfhgb;False;False;False;
PROD_zxddsnr;False;False;False;
PROD_rwblycf;False;False;False;
PROD_bulskquk;False;False;False;
PROD_jedoagj;False;False;False;
PROD_qvxu;False;False;False;
PROD_bdidygs;False;False;False;
PROD_estwltr;False;False;False;
PROD_dmnc;False;False;False;
PROD_bdcu;False;False;False;
PROD_cppmwy;False;False;False;
PROD_iqhcq;False;False;False;
PROD_avaj;True;False;False;
PROD_eqrx;False;False;False;
PROD_hexlbw;False;False;False;
PROD_acpl;False;False;False;
PROD_slhw;False;False;False;
PROD_hmtnef;False;False;False;
PROD_vvmkvosx;False;False;False;
PROD_acgksxam;False;False;False;
PROD_bngaaq;False;False;False;
PROD_mycgpxdr;False;False;False;
PROD_ghcuvjn;False;False;False;
PROD_mjqic;False;False;False;
PROD_ooxn;False;False;False;
PROD_vkzmt;False;False;False;
PROD_clgbzvwl;False;False;False;
PROD_pibcjb;False;False;False;
PROD_wyajhyqr;False;False;False;
PROD_isyi;True;False;False;
PROD_kcfdpi;False;False;False;
PROD_hqmfd;False;False;False;
PROD_liahy;False;False;False;
PROD_piis;False;False;False;
PROD_wwkbfdx;False;False;False;
PROD_kxui;False;False;False;
PROD_zqxp;False;False;False;
PROD_bgdje;False;False;False;
PROD_yepab;False;False;False;
PROD_vphktefh;False;False;False;
PROD_vjki;False;False;False;
PROD_ctcr;True;False;False;
PROD_ljlcceu;False;False;False;
PROD_mibltgf;False;False;False;
PROD_qerfcro;False;False;False;
PROD_ovoullrf;False;False;False;
PROD_nbcguxql;False;False;False;
PROD_jdiwadmy;False;False;False;
PROD_dyvj;False;False;False;
PROD_ikjd;False;False;False;
PROD_axuscxq;False;False;False;
PROD_gvimeqtx;False;False;False;
PROD_wfsanyh;False;False;False;
PROD_ppvs;False;False;False;
PROD_ppkuyvly;False;False;False;
PROD_rats;False;False;False;
PROD_pvaafk;False;False;False;
PROD_mlxrj;False;False;False;
PROD_oqabs;False;False;False;
PROD_jwvcecgp;False;False;False;
PROD_smjmidt;False;False;False;
PROD_lnhu;False;False;False;
PROD_zwak;False;False;False;
PROD_ctbnkvbg;False;False;False;
PROD_jzeopj;False;False;False;
PROD_uglwq;False;False;False;
PROD_sseweta;False;False;False;
PROD_ikyqorlt;False;False;False;
PROD_wkxq;False;False;False;
PROD_dzaqgkhp;False;False;False;
PROD_cicirq;False;False;False;
PROD_xkhulld;False;False;False;
PROD_rztyeaz;False;False;False;
PROD_oiaa;False;False;False;
PROD_wrhfldp;False;False;False;
PROD_hkxgsgh;False;False;False;
PROD_dqvenojn;False;True;False;
PROD_gbpnrja;False;False;False;
PROD_aymiir;False;False;False;
PROD_gvwhub;False;False;False;
PROD_erzuyj;False;False;False;
PROD_lwsxnnmf;False;False;False;
PROD_lkmuu;False;False;False;
PROD_zpdpao;False;False;False;
PROD_xavw;False;False;False;
PROD_xipbj;False;False;False;
PROD_hwvh;False;False;False;
PROD_mmnwwh;False;False;False;
PROD_lndz;False;True;False;
PROD_oljkafvo;False;False;False;
PROD_xekjdm;False;False;False;
PROD_ygghbrpf;False;False;False;
PROD_yrve;False;False;False;
PROD_aazsf;False;False;False;
PROD_plmymbz;False;False;False;
PROD_frhy;False;False;False;
PROD_xibqe;False;False;False;
PROD_tyqv;False;False;False;
PROD_ovcye;False;False;False;
PROD_ryffvyl;False;False;False;
PROD_brei;False;False;False;
PROD_wvku;False;False;False;
PROD_rycawyd;False;False;False;
PROD_xiahs;False;False;False;
PROD_bhferjuk;False;False;False;
PROD_ofskxmb;False;False;False;
PROD_cnmkba;False;False;False;
PROD_btrshjc;False;False;False;
PROD_rchoz;False;False;False;
PROD_mtgmq;False;False;False;
PROD_btziphfv;False;False;False;
PROD_ygfqqfv;False;False;False;
PROD_wicfo;False;False;False;
PROD_xufisou;False;False;False;
PROD_ougili;False;False;False;
PROD_udza;False;False;False;
PROD_ixldubt;False;False;False;
PROD_qajkqjgj;False;False;False;
PROD_hetx;False;False;False;
PROD_hgypgh;False;False;False;
PROD_omlkek;True;False;False;
PROD_vfnma;False;False;False;
PROD_odcokm;False;False;False;
PROD_bapqhlu;False;False;False;
PROD_dhpmdfto;False;False;False;
PROD_kvapuhdc;False;False;False;
PROD_gnpujqyk;False;False;False;
PROD_dqihxd;False;False;False;
PROD_vjih;False;False;False;
PROD_xkgvsskg;False;False;False;
PROD_wsyqnsqd;False;False;False;
PROD_xdarn;False;False;False;
PROD_luoqvi;False;False;False;
PROD_erxxz;False;False;False;
PROD_bfdttk;False;False;False;
PROD_kuqfw;False;False;False;
PROD_ibtqlca;False;False;False;
PROD_jidvhgf;False;False;False;
PROD_ebwg;False;False;False;
PROD_imgc;True;False;False;
PROD_gywarv;False;False;False;
PROD_qleswd;True;False;False;
PROD_pfgw;False;False;False;
PROD_easleiq;False;False;False;
PROD_sdbwodnm;False;False;True;
PROD_xipqoq;False;False;False;
PROD_rfrmsq;False;False;False;
PROD_jbrocsm;False;False;False;
PROD_yodrpx;False;False;False;
PROD_mpevvowv;False;False;False;
PROD_amtxj;False;False;False;
PROD_udakp;True;False;False;
PROD_kkukns;False;False;False;
PROD_uiafavaz;False;False;False;
PROD_vmms;False;False;False;
PROD_zdlmow;False;False;False;
PROD_ggcjm;False;False;False;
PROD_pgijmhqg;False;False;False;
PROD_xaexz;False;False;False;
PROD_bpzpzwqm;False;False;False;
PROD_idazx;False;False;False;
PROD_hyty;False;False;False;
PROD_hdje;False;False;False;
PROD_owarwy;False;False;False;
PROD_oztt;False;False;True;
PROD_qvahpsro;False;False;False;
PROD_zwvmf;False;False;False;
PROD_bwtj;False;False;False;
PROD_npdzj;False;False;False;
PROD_gyktx;False;False;False;
PROD_ovsfjvdu;False;False;False;
PROD_rfvzxqn;True;False;False;
PROD_lunkae;False;False;False;
PROD_lsefd;False;False;False;
PROD_lqbv;False;False;False;
PROD_jqtoen;False;False;False;
PROD_gckgkjww;False;True;False;
PROD_ortu;False;False;False;
PROD_xypcok;False;False;False;
PROD_lrjdvqoq;False;False;False;
PROD_cbpt;False;False;False;
PROD_zrup;False;False;False;
PROD_wgyon;False;False;False;
PROD_ggje;False;False;False;
PROD_zufjsnpt;True;False;False;
PROD_vadoea;False;False;False;
PROD_ydrkgzsy;False;False;False;
PROD_hxxf;False;False;False;
PROD_bwklg;False;False;False;
PROD_polj;False;False;False;
PROD_yneiimkb;False;False;False;
PROD_icsngsfd;False;False;False;
PROD_yqsbcdcf;False;False;False;
PROD_wmokio;False;False;False;
PROD_jpwazt;False;False;False;
PROD_ltwaaq;False;False;False;
PROD_jjrv;False;False;False;
PROD_vkyg;False;False;False;
PROD_slvj;False;False;False;
PROD_qxqr;True;False;False;
PROD_rpfwn;False;False;False;
PROD_skymbju;False;False;False;
PROD_aonyftc;False;False;True;
PROD_cjayf;False;False;False;
PROD_hsnf;False;False;False;
PROD_dclosu;False;False;False;
PROD_naid;False;False;False;
PROD_bmymia;False;False;False;
PROD_unshdj;False;False;False;
PROD_fbvi;False;False;False;
PROD_uunp;False;False;False;
PROD_xiyxw;False;False;False;
PROD_qawyzx;False;False;False;
PROD_yqogr;False;False;False;
PROD_xxqw;False;False;False;
PROD_nwqqnou;False;False;False;
PROD_gwfw;False;False;False;
PROD_pripspre;False;False;False;
PROD_tgsnftgg;False;False;False;
PROD_krnqvbk;False;False;False;
PROD_hlyqgiso;False;False;False;
PROD_ggncjs;False;True;False;
PROD_vvohtjfj;False;False;False;
PROD_zqgbzsf;False;False;False;
PROD_xpjqkk;False;False;False;
PROD_vdpz;False;False;False;
PROD_smnt;False;False;False;
PROD_jcklg;False;False;False;
PROD_yafzwz;True;False;False;
PROD_yeancaob;True;False;False;
PROD_nukx;False;False;False;
PROD_xwokqcc;False;False;False;
PROD_fqmebaez;False;False;False;
PROD_lunwubjz;False;False;False;
PROD_iaqxzn;False;False;False;
PROD_wxkm;False;False;False;
PROD_fktqb;False;False;False;
PROD_nboju;False;False;True;
PROD_ozzmia;False;False;False;
PROD_bumfyt;False;False;False;
PROD_ibyniio;False;False;False;
PROD_awprzp;False;False;False;
PROD_mhjtne;False;False;False;
PROD_wvsxqsr;False;False;False;
PROD_ylcyxkr;False;False;False;
PROD_bprmvff;False;False;False;
PROD_aftrtp;False;False;False;
PROD_xvbupr;True;False;True;
PROD_rffa;False;False;False;
PROD_xktstn;False;False;False;
PROD_pggisvg;False;False;False;
PROD_uatoor;False;False;False;
PROD_rtmimx;False;False;False;
PROD_esfzn;False;False;False;
PROD_nvznvhv;False;False;False;
PROD_rcww;False;False;False;
PROD_vntckcu;False;False;False;
PROD_glhhjpc;False;False;False;
PROD_msuigf;False;False;False;
PROD_dnabk;False;False;False;
PROD_qeoiz;False;False;False;
PROD_eutp;False;False;False;
PROD_ppolo;False;False;False;
PROD_dtndhua;False;False;False;
PROD_mfqaxe;False;False;False;
PROD_hcefyrw;False;False;False;
PROD_nycmwqxc;False;False;False;
PROD_vxpnzwz;False;False;False;
PROD_gpce;False;False;False;
PROD_liffd;False;False;False;
PROD_vaosvt;False;False;False;
PROD_sryn;False;False;False;
PROD_svhfn;False;False;False;
PROD_osywjds;False;False;False;
PROD_cdkrxy;False;True;False;
PROD_qpkuzz;False;False;False;
PROD_mqvwvj;False;False;False;
PROD_eyuvxcyx;False;False;False;
PROD_ocrpfu;False;False;True;
PROD_ycccrvch;False;False;False;
PROD_wdmnpf;False;False;False;
PROD_pmfib;False;False;False;
PROD_vleou;False;False;False;
PROD_tlgrhyl;True;False;False;
PROD_jqoi;False;False;False;
PROD_dsictjra;False;False;False;
PROD_qughoef;False;False;False;
PROD_tokevyi;False;False;False;
PROD_vkukeimu;False;False;False;
PROD_olcj;True;False;False;
PROD_fqzj;False;False;False;
PROD_uwnxuka;False;False;False;
PROD_vrxjoqi;False;False;False;
PROD_upydvqsu;False;False;False;
PROD_amqvye;False;False;False;
PROD_qwpns;False;False;False;
PROD_hzxbtx;False;False;False;
PROD_hixt;False;True;False;
PROD_yfhxt;False;False;False;
PROD_imdjeoc;False;False;False;
PROD_yuxozt;False;False;False;
PROD_sntfeygp;False;False;False;
PROD_ugvmknix;False;False;False;
PROD_lsrqptoh;False;False;False;
PROD_ngoe;False;False;False;
PROD_ljiz;False;False;False;
PROD_mgbiwwqz;False;False;False;
PROD_ppxnpevj;False;False;False;
PROD_eylylkz;False;False;True;
PROD_yhstjsbp;False;False;False;
PROD_mmvma;False;False;False;
PROD_cmyld;False;False;False;
PROD_kialqsv;False;False;False;
PROD_jzfdwim;False;False;False;
PROD_xqhphdva;True;False;False;
PROD_xqtaot;False;False;True;
PROD_rrvuod;False;False;False;
PROD_zsoi;False;False;False;
PROD_esfoyh;False;False;False;
PROD_mezw;False;False;False;
PROD_bpsagw;False;False;False;
PROD_uhltae;False;False;False;
PROD_kkyumynu;False;False;False;
PROD_vnicgjl;False;False;False;
PROD_zvsh;False;False;False;
PROD_rcya;False;False;False;
PROD_ftjxbfqc;False;False;False;
PROD_nklz;False;False;False;
PROD_cdcr;True;False;False;
PROD_mlwak;False;False;False;
PROD_dgbn;False;False;False;
PROD_awgw;False;False;False;
PROD_foniymez;False;False;False;
PROD_ocioa;False;False;True;
PROD_dyivzx;False;False;False;
PROD_nvdimdw;False;False;False;
PROD_brvgxy;False;False;False;
PROD_icxf;False;False;False;
PROD_trmbleg;False;False;False;
PROD_dghbu;False;False;False;
PROD_kviubz;False;False;False;
PROD_qrtp;False;False;False;
PROD_utwh;False;False;False;
PROD_kkzonfyc;False;False;False;
PROD_ioytbwit;False;False;False;
PROD_gzdtilvr;False;False;False;
PROD_ulbh;False;False;False;
PROD_eigd;False;False;False;
PROD_ynwylx;False;False;False;
PROD_hphoabz;False;False;False;
PROD_fget;False;False;False;
PROD_dozz;False;False;False;
PROD_yllw;False;False;False;
PROD_bzrdapqh;False;False;False;
PROD_duzy;False;False;False;
PROD_fqcso;False;False;False;
PROD_sgbnz;False;False;False;
PROD_ontzqwiq;False;False;False;
PROD_zvliwqgh;False;False;False;
PROD_wxtrvc;False;False;False;
PROD_qgbeo;False;False;False;
PROD_mghxu;False;False;False;
PROD_hsbvkb;True;False;True;
PROD_zmpianhm;False;False;False;
PROD_tbzdsnhm;False;False;False;
PROD_wbcf;False;False;False;
PROD_iodvvbhv;False;False;False;
PROD_bdqd;False;False;False;
PROD_imodjgh;False;False;False;
PROD_sspdw;False;False;False;
PROD_ytdlu;False;False;False;
PROD_mdmeycgc;False;False;False;
PROD_nfbb;False;False;False;
PROD_mnut;False;False;False;
PROD_ucau;False;False;False;
PROD_ipdhd;False;False;False;
PROD_ickfza;False;False;False;
PROD_edez;False;False;False;
PROD_umvg;False;False;False;
PROD_lfapz;False;False;False;
PROD_jypat;False;False;False;
PROD_tctuxnx;False;False;False;
PROD_wkrr;False;False;False;
PROD_laqkcwun;False;False;False;
PROD_omlfdsgh;False;False;False;
PROD_xkzkww;False;False;False;
PROD_ocme;False;False;False;
PROD_rkmeq;False;False;False;
PROD_cuzap;False;False;False;
PROD_trcm;False;False;False;
PROD_tbpqx;False;False;False;
PROD_acnkqp;False;False;False;
PROD_hxlt;False;False;False;
PROD_xailqi;False;False;False;
PROD_fkrffut;False;False;False;
PROD_orvxrud;False;False;False;
PROD_njca;False;False;False;
PROD_dsrddyeu;False;False;False;
PROD_bjvv;False;False;False;
PROD_gucn;False;False;False;
PROD_nlus;False;False;False;
PROD_usnlkbrr;False;False;False;
PROD_wjjsx;False;False;False;
PROD_nutbevto;True;False;False;
PROD_umdijhp;False;False;False;
PROD_xazv;False;False;False;
PROD_rlmlh;False;False;False;
PROD_mpdxh;False;False;False;
PROD_tyyf;False;False;False;
PROD_jgcy;False;False;False;
PROD_kxemve;False;False;False;
PROD_tyggfsp;False;False;False;
PROD_kklq;False;False;False;
PROD_umjqi;False;False;False;
PROD_jetby;False;False;False;
PROD_ovryj;False;False;True;
PROD_lfbnnwrq;False;False;False;
PROD_adrfib;False;False;False;
PROD_fvpjx;False;False;False;
PROD_tqttajac;False;False;False;
PROD_fpix;False;False;False;
PROD_wtqaluv;False;False;False;
PROD_mmzoc;False;False;False;
PROD_excnk;False;False;False;
PROD_ncmsyvd;False;False;False;
PROD_nskjz;False;False;False;
PROD_cjdb;False;False;False;
PROD_nypv;False;False;False;
PROD_fyqhqf;False;False;False;
PROD_qjsn;False;False;False;
PROD_fiyadhhx;True;False;True;
PROD_bvwg;False;False;False;
PROD_nxibm;False;False;False;
PROD_sszeruy;False;False;False;
PROD_zjkqocgs;False;False;False;
PROD_qlbgxplw;False;False;False;
PROD_ueap;False;False;False;
PROD_lnrzjfrc;False;False;False;
PROD_lavvagnw;False;False;False;
PROD_nngcverj;False;False;False;
PROD_gpmsf;False;False;False;
PROD_qdbriybn;False;False;False;
PROD_crckxkqu;False;False;False;
PROD_ldhrw;False;False;False;
PROD_uhkhc;False;False;False;
PROD_fxadmosu;False;False;False;
PROD_kxzg;False;False;False;
PROD_kwvpsj;False;False;False;
PROD_shhnrdm;False;False;False;
PROD_qmdcgwxh;False;False;False;
PROD_dwfljbcu;False;False;False;
PROD_tzvwzt;False;False;False;
PROD_orfdbqld;False;False;False;
PROD_rujocre;True;False;False;
PROD_mkabc;False;False;False;
PROD_dfke;False;False;False;
PROD_kncd;False;False;False;
PROD_wvoyb;False;False;False;
PROD_lubbrlbw;False;False;False;
PROD_olenbr;False;False;False;
PROD_htiyio;False;False;False;
PROD_hxinugpe;False;False;False;
PROD_qetx;False;False;False;
PROD_mhik;False;False;False;
PROD_gawovwp;False;False;False;
PROD_qmujfwe;False;False;False;
PROD_nqns;False;False;False;
PROD_gycmdgzy;False;False;False;
PROD_besf;False;False;False;
PROD_gavukb;False;False;False;
PROD_nhghsol;False;False;False;
PROD_maqq;False;False;False;
PROD_vzkxt;False;False;False;
PROD_ouvbvijn;False;False;False;
PROD_eyouwfes;False;False;False;
PROD_nvslnmv;False;False;False;
PROD_zfrqs;False;False;False;
PROD_ocjbw;False;False;False;
PROD_yocmvht;False;False;False;
PROD_mawj;False;False;False;
PROD_pgmu;False;False;False;
PROD_zyaz;False;False;False;
PROD_qbsp;False;False;False;
PROD_oellaaw;False;False;False;
PROD_qrfr;False;False;False;
PROD_jdxyai;False;False;False;
PROD_cgmwnkdo;False;False;False;
PROD_oxowe;False;False;False;
PROD_rfanrqh;False;False;False;
PROD_bwvvo;False;False;False;
PROD_ydxtbk;False;False;False;
PROD_kskrvko;False;False;False;
PROD_wvnmd;False;False;False;
PROD_ixiy;False;False;False;
PROD_azidon;False;False;False;
PROD_lddom;False;False;False;
PROD_nakws;False;False;False;
PROD_mnaxc;False;False;False;
PROD_gzcpcu;False;False;False;
PROD_ftbm;False;False;False;
PROD_glpli;False;False;False;
PROD_liqa;False;False;False;
PROD_uitlsat;False;False;False;
PROD_javplqkq;False;False;False;
PROD_bisdaubw;False;False;False;
PROD_rwoyp;False;False;False;
PROD_doiiud;True;False;False;
PROD_jdxclwkx;False;False;False;
PROD_hkkipai;False;False;False;
PROD_kgxtvdm;False;False;False;
PROD_yzsm;False;False;False;
PROD_sarng;False;False;False;
PROD_ebjy;False;False;False;
PROD_mnwazj;False;False;False;
PROD_vnibmub;False;False;False;
PROD_reidtpm;False;False;False;
PROD_tfogs;False;False;False;
PROD_fglqft;False;False;False;
PROD_wqfmmiuf;False;False;False;
PROD_uansqj;False;False;False;
PROD_jhfkset;False;False;False;
PROD_mzypfj;False;False;False;
PROD_kiiti;False;False;False;
PROD_wssl;False;False;False;
PROD_ybxzzq;False;False;False;
PROD_kwzqx;False;False;False;
PROD_lhtfjme;True;False;False;
PROD_qxmiduv;False;False;False;
PROD_otvvdp;False;False;False;
PROD_ccew;False;False;False;
PROD_cbnm;False;False;False;
PROD_yilgw;False;False;False;
PROD_cxahbmk;False;False;False;
PROD_ghsb;False;True;False;
PROD_metfgt;False;False;False;
PROD_mflbud;False;False;False;
PROD_jpvw;False;False;False;
PROD_stgwjhic;False;False;False;
PROD_pstj;False;False;False;
PROD_bigdei;False;False;False;
PROD_ildm;False;False;False;
PROD_dxedsaf;False;False;False;
PROD_xgny;False;False;False;
PROD_zkqqvztt;False;False;False;
PROD_jydaqwa;False;False;False;
PROD_fkemyqqj;False;False;False;
PROD_ollvsi;False;False;False;
PROD_sermoayp;False;False;False;
PROD_yedb;False;False;False;
PROD_setm;False;False;False;
PROD_mwlguxot;True;False;True;
PROD_peidbby;False;False;False;
PROD_stuj;False;False;False;
PROD_ckdmoqn;False;False;False;
PROD_qvtorf;False;False;False;
PROD_dshl;False;False;False;
PROD_ztmt;False;False;False;
PROD_hvum;False;False;False;
PROD_zvtlsdxv;False;False;False;
PROD_insmdl;False;False;False;
PROD_fdxn;True;False;True;
PROD_dqqqvzr;False;False;False;
PROD_kyqdjhsk;False;False;False;
PROD_rhzyo;False;False;False;
PROD_ndpg;False;False;False;
PROD_jfyxf;False;False;False;
PROD_hxod;False;False;False;
PROD_udivdd;False;False;False;
PROD_gsxvig;False;False;False;
PROD_nlbvrf;False;False;False;
PROD_xnblbys;False;False;False;
PROD_hkmdg;False;False;False;
PROD_ywxijc;False;False;False;
PROD_vkea;False;False;False;
PROD_qpeljt;False;True;False;
PROD_pwqcnq;True;False;False;
PROD_btnwtx;False;False;False;
PROD_hhvehrlp;False;False;False;
PROD_quqbpp;False;False;False;
PROD_urdqltkk;False;False;False;
PROD_cdmynvcu;False;False;False;
PROD_vsmmmka;False;False;False;
PROD_ejveyyim;False;False;False;
PROD_bsfxgp;False;False;False;
PROD_ifksn;False;False;False;
PROD_yqhna;False;False;False;
PROD_pzsrtjy;False;False;False;
PROD_lmwhuqsn;False;False;False;
PROD_ibor;False;False;False;
PROD_uclrwxe;False;False;False;
PROD_gvrbmpav;False;False;False;
PROD_csfmkg;False;False;False;
PROD_almptzra;False;False;False;
PROD_eqbs;False;False;False;
PROD_nrlsmj;False;False;False;
PROD_vlnyjqrx;False;False;False;
PROD_lhcgz;False;False;False;
PROD_wpll;False;False;False;
PROD_oukcokw;False;False;False;
PROD_sqxzprg;False;False;False;
PROD_fhaikr;False;False;False;
PROD_dticvuz;False;False;False;
PROD_hdae;False;True;False;
PROD_bcxpdce;False;False;False;
PROD_bvyczg;False;False;False;
PROD_dzbo;False;False;False;
PROD_bckmguzv;False;False;False;
PROD_uwaf;False;False;False;
PROD_ylzvulo;False;False;False;
PROD_ulhu;False;False;False;
PROD_cykspwb;False;False;False;
PROD_coqrai;False;False;False;
PROD_aihf;False;False;False;
PROD_dbzrgr;False;False;False;
PROD_gdwv;False;False;False;
PROD_jdoy;False;False;False;
PROD_reyf;False;False;False;
PROD_zofvlbqx;False;False;False;
PROD_irmzsfp;True;False;False;
PROD_psbvx;False;False;False;
PROD_dpbect;False;False;False;
PROD_pekafuex;False;False;False;
PROD_zlhs;False;False;False;
PROD_pznv;False;False;False;
PROD_vesetqx;False;False;False;
PROD_wfaivhkb;False;False;False;
PROD_owpznasn;False;False;False;
PROD_ugptp;False;False;False;
PROD_vdguwgq;False;False;False;
PROD_erfgzst;False;False;False;
PROD_oqwfja;False;False;False;
PROD_wigr;False;False;False;
PROD_ugbsez;False;False;False;
PROD_fcvrk;False;False;False;
PROD_iaiwadhy;False;False;False;
PROD_vdasc;False;False;False;
PROD_xhxobjpg;True;False;False;
PROD_wiwscbcw;False;False;False;
PROD_eynwg;False;False;False;
PROD_gzqmnn;False;False;False;
PROD_dnvrydxb;False;False;False;
PROD_bxralmwl;False;False;False;
PROD_dqbjlzcx;False;False;False;
PROD_stuey;False;False;False;
PROD_lpej;True;False;False;
PROD_pltqq;False;False;False;
PROD_arcuxou;False;False;False;
PROD_lptglyfx;False;False;False;
PROD_btqtdz;False;False;False;
PROD_bkjok;False;False;False;
PROD_ncoeir;False;False;False;
PROD_ygdu;False;False;False;
PROD_ysnfihi;False;False;False;
PROD_iypvw;False;False;False;
PROD_lzit;False;False;False;
PROD_kcnsq;False;False;False;
PROD_ptqnvw;False;False;False;
PROD_ordk;False;False;False;
PROD_gorbfy;False;False;False;
PROD_kvbho;True;False;False;
PROD_ploupmk;False;False;False;
PROD_rpsrndji;False;False;False;
PROD_jljbsy;False;False;False;
PROD_uixhew;False;False;False;
PROD_ueah;False;False;False;
PROD_hkrq;True;False;False;
PROD_shqqdueg;False;False;False;
PROD_iont;False;False;False;
PROD_vfevboe;False;False;False;
PROD_yppy;False;False;False;
PROD_kvmjvpo;False;False;False;
PROD_fldwehr;False;False;False;
PROD_libphg;False;False;False;
PROD_cgcvmrct;False;False;False;
PROD_nxfcmkdz;False;False;False;
PROD_kkdvr;False;False;False;
PROD_blpnf;False;False;False;
PROD_geiw;False;False;False;
PROD_ympvqgd;False;False;False;
PROD_eavh;False;False;False;
PROD_ectkcz;False;False;False;
PROD_faitfr;False;False;False;
PROD_tavcf;False;False;False;
PROD_qummz;False;False;False;
PROD_jljngcg;False;False;False;
PROD_soyybs;False;False;False;
PROD_plbpbi;False;False;False;
PROD_vglgeoz;False;False;False;
PROD_ctqvqs;False;False;False;
PROD_hppvroky;False;False;False;
PROD_khdseka;False;False;False;
PROD_wunsuh;False;False;False;
PROD_yzawwyse;False;False;False;
PROD_jdli;False;False;False;
PROD_irywdtn;False;False;False;
PROD_tuait;False;False;False;
PROD_lrads;False;False;False;
PROD_kcyywu;False;False;False;
PROD_lopsr;False;False;False;
PROD_xljlxwv;False;False;False;
PROD_bwzfvxgz;False;False;False;
PROD_njnrq;False;False;False;
PROD_kpiukuh;False;False;False;
PROD_gytlfat;False;False;False;
PROD_lrxarphy;False;False;False;
PROD_dmag;True;False;False;
PROD_qdppoz;False;False;False;
PROD_wxbqxtsl;False;False;False;
PROD_sqwlxlt;False;False;False;
PROD_ucelnrh;False;False;False;
PROD_vkhgzmyd;False;False;False;
PROD_zkdgmik;False;False;False;
PROD_spkxxrbp;False;False;False;
PROD_kncjpa;False;False;False;
PROD_dytmxh;False;False;False;
PROD_ojleq;False;False;False;
PROD_ehqzwaoa;False;False;False;
PROD_lswk;False;False;False;
PROD_cdnc;False;False;False;
PROD_vxpqdmj;True;False;False;
PROD_hyvf;False;False;False;
PROD_lucusc;False;False;False;
PROD_xarcttrz;False;False;False;
PROD_wprh;False;True;False;
PROD_lkxou;False;False;False;
PROD_puclsn;False;False;False;
PROD_lcqm;False;False;False;
PROD_icflqq;False;False;False;
PROD_qwmg;False;False;False;
PROD_jlxfe;False;False;False;
PROD_suiq;True;False;True;
PROD_cucbxn;False;False;False;
PROD_bvro;False;False;False;
PROD_nvdvzodg;False;False;False;
PROD_tokt;False;False;False;
PROD_qbbxm;False;False;False;
