O0001;PMQC;4;
O0002;PMPB;2;PKQC;18;PNSA;7;
O0003;PLRA;2;PLQB;10;
O0004;PNQD;3;PNRC;14;
O0005;PNRA;10;PKSC;1;PNPA;3;PLTA;3;PMTB;17;PMRB;10;PKQC;17;PLTE;2;PLRA;15;PLTC;6;
O0006;PKSB;1;PNSA;3;POSE;13;
O0007;PMQD;17;PMSB;19;
O0008;PNQD;14;
O0009;PKPE;6;PNTC;5;PKSD;10;PMSB;7;PKSC;1;PLTE;12;PKTC;9;PLRA;1;PNRD;8;PMQC;5;
O0010;PNTC;5;POQC;10;PNRD;9;PNTD;17;
O0011;PNPA;1;PNRA;4;PNTC;11;
O0012;PLSA;17;
O0013;PKTC;9;PKPE;19;PMPC;11;POSE;7;PNPA;18;PLTE;4;PNRA;19;
O0014;PNQD;5;PKSE;14;
O0015;PNPB;16;
O0016;PNQD;14;PLQA;8;PMQC;8;
O0017;PNQD;4;PNSA;5;POQC;14;
O0018;PNRA;2;PKSD;13;PLTE;3;PKSB;17;
O0019;PNRE;12;PLRC;2;
O0020;PNSB;5;PMPB;10;PMSE;16;PNPB;2;PMPC;8;PORA;13;PLQB;4;POQC;19;
O0021;PKTC;2;PMRC;13;PKSE;15;PKQB;12;PMRB;19;PNSB;9;PLRA;15;POPB;9;PKTD;1;PLQA;15;
O0022;PMTB;15;PNPB;13;PLTA;12;
O0023;PLQA;8;
O0024;PLTD;19;POQC;5;PLTC;19;
O0025;PKRD;4;PLQA;6;
O0026;PMRC;6;PMQC;3;
O0027;PNRC;20;
O0028;PNSB;9;
O0029;PLTD;12;
O0030;PKTE;1;PNQD;12;
O0031;PLTE;2;
O0032;PNRC;1;
O0033;PKQC;7;PKSD;11;PMRC;4;PNSB;20;POSE;20;PKSC;2;PKQB;17;PKPE;4;PMQD;20;POPB;5;
O0034;PKTD;16;
O0035;PORA;11;
O0036;PNRC;8;PNSB;4;PNRA;11;POQC;6;PKTD;12;POPB;10;PLQB;1;PNSA;1;PKRD;8;
O0037;PKRD;3;PKQB;1;PMTE;17;PMSB;7;
O0038;PMPC;19;PMQC;18;PLQA;9;PNTC;4;PLTE;3;PMQD;16;POPB;4;POTB;20;
O0039;PLQB;15;PNRD;7;
O0040;PNQD;11;
O0041;POQC;2;PMSB;20;
O0042;PKSC;14;
O0043;PNPA;14;
O0044;PKRD;8;PLTA;9;POTB;9;
O0045;PKSE;10;PKPB;6;
O0046;POQC;19;PLTE;13;PMPB;9;PNRC;16;POPC;12;PMQC;15;PKSC;8;PORA;5;
O0047;PLTD;6;PKPB;18;PKSD;13;
O0048;PNTD;13;
O0049;PLTC;7;PMPB;4;PKTC;1;POPC;17;
O0050;PLQA;7;PMSE;5;PLTE;11;PKRD;3;PKTC;4;POSE;11;PMSB;11;PLTA;12;PORA;14;
O0051;PKQC;18;
O0052;PLRA;7;
O0053;PNQD;12;
O0054;PMSB;3;PMPC;13;PLRA;15;PKTE;2;PLTA;18;PKPE;12;PKSB;18;
O0055;PKTC;7;PLTE;20;PMRE;4;PKPE;12;PMPC;13;PKSE;9;PLPD;6;PNPB;7;
O0056;PORA;8;
O0057;PKPE;6;PLQA;13;POPC;10;
O0058;PMPC;9;PNRD;18;
O0059;PNPB;6;PKSB;5;PLPD;11;PLTA;3;PLTE;5;PLQB;3;PORA;9;
O0060;PMPB;14;PNRD;5;
O0061;PORA;5;PNPA;19;
O0062;PNSB;15;PNRC;3;PMTE;1;POTB;11;PKTE;8;PKSC;5;PNRA;5;
O0063;PKTE;13;PNSA;6;PLTD;10;
O0064;PLTE;8;
O0065;PNRE;4;PNQD;5;
O0066;PMRE;12;PKTC;2;PMSE;4;
O0067;PMRE;5;
O0068;PNPA;16;PKSB;20;POQC;3;PKQB;13;
O0069;PMPB;1;PMTE;17;POQC;10;PKTD;19;PLRC;17;PNRE;2;PMRC;17;
O0070;PLRA;12;PLTD;1;
O0071;PMRB;13;PLQA;13;
O0072;PNRC;12;POQC;8;
O0073;PKQC;19;PNPB;4;PMRE;20;PNRE;9;PNRC;9;PLPD;12;PMSE;7;PLSA;8;
O0074;PKSD;8;PKTE;14;
O0075;PNPA;14;PMPB;6;
O0076;PMRC;16;PLSA;16;
O0077;PKQC;14;POPC;16;PMRB;15;PKSC;18;PKSE;6;PNSA;4;
O0078;PKTD;2;PNQD;18;POQC;14;PLRA;16;PLTA;2;PLQB;18;PKPB;18;
O0079;PKSC;5;
O0080;PKPE;19;PKTC;1;
O0081;PMRC;18;PKQB;5;PORA;13;PMPB;5;
O0082;POPB;7;PNRC;19;PORA;15;PNTD;8;PLTE;7;PLRA;3;PKSD;11;PNSA;5;
O0083;PNRC;14;
O0084;POQC;5;PLPD;9;PKQC;19;PMRB;15;POPC;20;
O0085;POQC;16;PKTD;16;POPB;3;PMQD;7;PLQB;16;PKSB;4;PNSB;7;PLQA;18;PLTD;14;
O0086;PMQD;14;PLQA;7;PLTA;8;POTB;19;PKPB;3;POQC;19;PNSA;6;PLRC;16;PORA;9;
O0087;PKSB;16;PORA;11;PNRC;14;PNSA;20;PMTE;13;
O0088;PNTD;5;PKSC;5;PMQC;9;PMPC;10;PNRD;5;PKSE;1;PMTE;14;PLQB;5;PKQB;17;PLTC;7;
O0089;PMRC;9;PLQA;12;PLRA;14;PMPB;14;PMRE;20;PKSB;11;
O0090;PNRD;4;PKTD;7;PKPB;10;PLPD;4;PKPE;7;PKSD;8;PNTC;1;PMSB;18;PKSE;12;PLRA;8;
O0091;PLTA;5;PNSA;4;PMQC;2;PMQD;14;POTB;7;
O0092;PNPA;3;
O0093;PLSA;9;PLQA;20;POPC;4;PKQC;5;PNSB;12;PKPB;5;PKTE;16;PNTC;10;PLTD;19;PNQD;16;
O0094;PNRD;11;PNPA;3;PMRE;3;
O0095;PKTD;7;PNSB;19;PNSA;20;PMSB;9;PMTE;13;PLQA;14;
O0096;PMRC;7;PLPD;6;PMSB;17;PNPA;14;POQC;11;PNRC;16;PKSB;11;PKTD;19;PKQB;17;
O0097;PMTE;14;
O0098;PKSB;13;
O0099;POPC;1;PKSE;2;PKTE;10;POQC;8;PKTC;12;PLTA;6;PNRE;20;
O0100;PMSB;11;PKSB;6;PMPB;2;PNPB;12;
O0101;POTB;18;
O0102;PNQD;3;PLQB;3;PMRC;4;
O0103;PNPB;14;
O0104;PNRD;12;PLRC;4;
O0105;PLRC;14;PLTA;15;PNRE;14;
O0106;PKPE;14;PMRB;11;PNPA;9;PNRD;18;PKTC;13;PNPB;18;PNTD;3;
O0107;PNTD;2;PNQD;2;PNRE;1;PNSA;2;PMQD;12;PKSD;6;
O0108;PLTE;15;POTB;12;PNPA;4;
O0109;PMQC;16;PKSE;18;PKSB;15;POPB;20;PNSA;6;PMPC;7;PMTE;12;PLRC;6;PNSB;20;
O0110;PNPA;7;PNRC;5;PKRD;10;PLPD;4;PMSE;7;PMRE;2;POSE;19;PMPC;17;
O0111;PNTD;4;
O0112;PMSB;14;PMQD;6;
O0113;PMTE;6;PNTC;11;PORA;3;
O0114;PMQC;12;PLQB;12;PORA;10;PNPA;14;PNTD;6;PLTA;15;
O0115;POPC;4;PNRD;10;PLTA;10;PKQB;5;PKSE;6;PKPE;18;PLPD;6;POTB;3;PLTC;11;
O0116;PMSE;19;PKPB;7;PNRA;9;PNTC;12;POTB;6;PKPE;11;
O0117;POTB;14;PKTD;11;
O0118;PNPB;4;PLTA;14;PLTE;4;PKTE;16;PLSA;11;PKQC;17;
O0119;PNRD;18;
O0120;PLTD;12;PNPA;1;PMRC;9;
O0121;PLTD;19;PMQC;15;POQC;5;PMPB;1;PMRB;7;PNSB;13;
O0122;PNTC;14;PNPA;3;PNRC;7;
O0123;PNRA;13;PNQD;5;PMRE;10;PKTC;6;PNRE;19;PLPD;4;
O0124;POSE;14;PKPE;19;
O0125;POQC;3;PMRC;14;
O0126;PNPB;9;PNSA;14;
O0127;PMSB;8;PLQB;3;
O0128;PMQD;5;PNRE;16;PMPC;7;
O0129;PLQB;18;PLTC;12;POTB;14;
O0130;PNRD;4;PNTD;15;
O0131;POQC;10;
O0132;PKSC;2;
O0133;PMRC;7;
O0134;PMTE;4;PKQB;6;PNSA;4;
O0135;PMSB;2;PNPA;5;
O0136;PLQA;14;PKTE;18;PKQC;8;
O0137;PNRE;4;PKTC;9;PLPD;13;PKQC;14;PKSB;10;PMRB;14;PORA;6;PMSE;17;PKQB;12;
O0138;PNRC;9;PMPC;20;PKSC;1;PLTA;19;PKTC;14;PLTE;5;POQC;2;PKPB;4;
O0139;PMRC;10;POSE;19;PKTC;12;
O0140;PLTD;13;PMSB;1;PKSE;8;PKSB;18;PNRC;20;PORA;7;PLQB;6;PKTC;3;PNRA;14;POSE;10;
O0141;PKPB;18;PNSA;15;PKTD;17;PLTC;1;
O0142;PKSC;2;PNTC;4;
O0143;PMRC;4;PMTE;5;
O0144;POSE;1;
O0145;PNTD;18;
O0146;PKSD;10;PNSB;1;
O0147;PKSB;8;PNRA;7;PMQC;4;
O0148;PKSE;18;PKSB;12;PLTC;15;
O0149;PKTC;14;PMQC;2;
O0150;PKTC;7;PKSC;8;PMRB;10;
O0151;PKRD;6;POSE;3;PLQB;17;PMTE;8;
O0152;POPB;14;PLTC;10;PMRC;8;
O0153;POTB;19;PKRD;9;PORA;1;
O0154;POQC;20;PMRC;12;PKRD;2;
O0155;PLRC;20;PNTC;14;PNRD;16;
O0156;PKPE;16;PMRC;13;
O0157;PNRD;13;PLTC;16;PMPC;13;PNTD;16;PKSD;8;PLRC;13;PKTD;4;PNTC;4;
O0158;PNSA;18;
O0159;POSE;3;POTB;6;PKQC;5;PLSA;13;PMSE;13;PLTC;5;PLQA;2;PKPE;18;
O0160;PLRA;12;PNPB;12;PMSE;15;
O0161;PLTC;14;PKSB;12;PLTA;17;
O0162;PNRC;7;PNQD;19;PLQB;12;PKQC;5;PNRE;15;PNPB;19;
O0163;PKSC;10;POQC;19;PMRC;8;PKQC;7;PLTA;7;
O0164;PLQA;12;PKRD;5;PLTD;9;
O0165;POSE;11;PLRC;2;
O0166;PKPB;12;PMTB;19;PKSC;1;
O0167;POTB;11;PMSE;16;PKTE;10;
O0168;PMPC;4;PNSA;6;
O0169;PNSA;12;POPB;14;
O0170;PLPD;13;PLTC;15;POSE;15;
O0171;PNRA;7;PKTE;4;PKSB;9;POTB;7;PMRC;18;
O0172;PLPD;6;
O0173;PKSE;1;PLRA;19;PNTC;12;PLTE;14;PNQD;13;PLPD;20;PLRC;10;PLTD;17;
O0174;PMTB;5;PLSA;9;PKQB;17;
O0175;PNSA;6;PKPB;7;
O0176;PKTD;17;PMTB;19;PLTE;7;PMSE;7;PNTD;16;
O0177;PNRC;10;PKSD;6;PNQD;6;PLTD;17;PNPA;8;PMSB;5;PMRC;6;PNPB;10;PKQC;9;
O0178;PMRE;19;POQC;16;PLTA;9;
O0179;PLQA;17;
O0180;PNPA;18;POTB;15;PMQD;12;
O0181;POTB;8;POPC;4;PMPC;15;
O0182;PLTA;15;PKSD;1;POTB;8;
O0183;PKSE;12;PKPE;16;
O0184;PKSC;8;PLTA;12;PLPD;10;PNRC;8;
O0185;PNRA;17;PNTD;3;PLSA;13;
O0186;POPC;14;PMRC;14;POQC;14;
O0187;POPC;4;PKSD;4;PKSC;11;PMSB;6;
O0188;PNRD;6;
O0189;PMTE;14;
O0190;PKTC;20;PMPC;3;PNQD;13;
O0191;PMPC;4;PNTD;9;PMSB;2;PMSE;1;
O0192;PKTE;2;PKPB;1;PKPE;2;POTB;12;PLQB;20;PMRE;15;PKSD;12;PMTB;14;
O0193;PKPB;8;
O0194;POPB;14;PKPE;8;PKRD;7;POSE;2;PMRC;12;PNRE;14;PLRA;18;PKSB;8;PMPC;12;
O0195;PKSE;11;PNRC;1;PNTD;2;PMSB;3;POSE;11;PKTD;5;PLSA;2;PLRC;13;
O0196;PNRD;4;
O0197;PKTC;6;
O0198;PKQC;8;
O0199;PMSB;3;
O0200;PMQC;8;PKSE;19;PKPE;7;PLRC;5;PKTE;5;PORA;15;PNSA;12;PNQD;4;
